station,station_id,series_id,value_m,datetime_utc,datetime_npt
devghat,265,4140,4.63000011444,2026-08-26 00:05:00+00:00,2026-08-26 05:50:00+05:45
devghat,265,4140,4.67000007629,2026-08-26 00:15:00+00:00,2026-08-26 06:00:00+05:45
devghat,265,4140,4.65600013733,2026-08-26 00:25:00+00:00,2026-08-26 06:10:00+05:45
devghat,265,4140,4.67299938202,2026-08-26 00:35:00+00:00,2026-08-26 06:20:00+05:45
devghat,265,4140,4.67000007629,2026-08-26 00:45:00+00:00,2026-08-26 06:30:00+05:45
devghat,265,4140,4.6799993515,2026-08-26 00:55:00+00:00,2026-08-26 06:40:00+05:45
devghat,265,4140,4.66699981689,2026-08-26 01:05:00+00:00,2026-08-26 06:50:00+05:45
devghat,265,4140,4.67000007629,2026-08-26 01:15:00+00:00,2026-08-26 07:00:00+05:45
devghat,265,4140,4.69099998474,2026-08-26 01:25:00+00:00,2026-08-26 07:10:00+05:45
devghat,265,4140,4.69400024414,2026-08-26 01:35:00+00:00,2026-08-26 07:20:00+05:45
devghat,265,4140,4.69999980927,2026-08-26 01:45:00+00:00,2026-08-26 07:30:00+05:45
devghat,265,4140,4.70699977875,2026-08-26 01:55:00+00:00,2026-08-26 07:40:00+05:45
devghat,265,4140,4.70199966431,2026-08-26 02:05:00+00:00,2026-08-26 07:50:00+05:45
devghat,265,4140,4.7249994278,2026-08-26 02:15:00+00:00,2026-08-26 08:00:00+05:45
devghat,265,4140,4.72999954224,2026-08-26 02:25:00+00:00,2026-08-26 08:10:00+05:45
devghat,265,4140,4.77600002289,2026-08-26 02:35:00+00:00,2026-08-26 08:20:00+05:45
devghat,265,4140,4.75699996948,2026-08-26 02:45:00+00:00,2026-08-26 08:30:00+05:45
devghat,265,4140,4.80000019073,2026-08-26 02:55:00+00:00,2026-08-26 08:40:00+05:45
devghat,265,4140,4.80099964142,2026-08-26 03:05:00+00:00,2026-08-26 08:50:00+05:45
devghat,265,4140,4.82999992371,2026-08-26 03:15:00+00:00,2026-08-26 09:00:00+05:45
devghat,265,4140,4.83300018311,2026-08-26 03:25:00+00:00,2026-08-26 09:10:00+05:45
devghat,265,4140,4.85099983215,2026-08-26 03:35:00+00:00,2026-08-26 09:20:00+05:45
devghat,265,4140,4.84700012207,2026-08-26 03:45:00+00:00,2026-08-26 09:30:00+05:45
devghat,265,4140,4.87899971008,2026-08-26 03:55:00+00:00,2026-08-26 09:40:00+05:45
devghat,265,4140,4.90899944305,2026-08-26 04:05:00+00:00,2026-08-26 09:50:00+05:45
devghat,265,4140,4.87699985504,2026-08-26 04:15:00+00:00,2026-08-26 10:00:00+05:45
devghat,265,4140,4.91699981689,2026-08-26 04:25:00+00:00,2026-08-26 10:10:00+05:45
devghat,265,4140,4.90999984741,2026-08-26 04:35:00+00:00,2026-08-26 10:20:00+05:45
devghat,265,4140,4.90499973297,2026-08-26 04:45:00+00:00,2026-08-26 10:30:00+05:45
devghat,265,4140,4.89900016785,2026-08-26 04:55:00+00:00,2026-08-26 10:40:00+05:45
devghat,265,4140,4.91199970245,2026-08-26 05:05:00+00:00,2026-08-26 10:50:00+05:45
devghat,265,4140,4.90299987793,2026-08-26 05:15:00+00:00,2026-08-26 11:00:00+05:45
devghat,265,4140,4.89099979401,2026-08-26 05:25:00+00:00,2026-08-26 11:10:00+05:45
devghat,265,4140,4.87599945068,2026-08-26 05:35:00+00:00,2026-08-26 11:20:00+05:45
devghat,265,4140,4.85299968719,2026-08-26 05:45:00+00:00,2026-08-26 11:30:00+05:45
devghat,265,4140,4.84899997711,2026-08-26 05:55:00+00:00,2026-08-26 11:40:00+05:45
devghat,265,4140,4.84200000763,2026-08-26 06:05:00+00:00,2026-08-26 11:50:00+05:45
devghat,265,4140,4.82899951935,2026-08-26 06:15:00+00:00,2026-08-26 12:00:00+05:45
devghat,265,4140,4.8079996109,2026-08-26 06:25:00+00:00,2026-08-26 12:10:00+05:45
devghat,265,4140,4.81599998474,2026-08-26 06:35:00+00:00,2026-08-26 12:20:00+05:45
devghat,265,4140,4.78800010681,2026-08-26 06:45:00+00:00,2026-08-26 12:30:00+05:45
devghat,265,4140,4.76900005341,2026-08-26 06:55:00+00:00,2026-08-26 12:40:00+05:45
devghat,265,4140,4.76900005341,2026-08-26 07:05:00+00:00,2026-08-26 12:50:00+05:45
devghat,265,4140,4.75,2026-08-26 07:15:00+00:00,2026-08-26 13:00:00+05:45
devghat,265,4140,4.73699951172,2026-08-26 07:25:00+00:00,2026-08-26 13:10:00+05:45
devghat,265,4140,4.70599937439,2026-08-26 07:35:00+00:00,2026-08-26 13:20:00+05:45
devghat,265,4140,4.70199966431,2026-08-26 07:45:00+00:00,2026-08-26 13:30:00+05:45
devghat,265,4140,4.69899940491,2026-08-26 07:55:00+00:00,2026-08-26 13:40:00+05:45
devghat,265,4140,4.67899990082,2026-08-26 08:05:00+00:00,2026-08-26 13:50:00+05:45
devghat,265,4140,4.64299964905,2026-08-26 08:15:00+00:00,2026-08-26 14:00:00+05:45
devghat,265,4140,4.63899993896,2026-08-26 08:25:00+00:00,2026-08-26 14:10:00+05:45
devghat,265,4140,4.65600013733,2026-08-26 08:35:00+00:00,2026-08-26 14:20:00+05:45
devghat,265,4140,4.69299983978,2026-08-26 08:45:00+00:00,2026-08-26 14:30:00+05:45
devghat,265,4140,4.80000019073,2026-08-26 08:55:00+00:00,2026-08-26 14:40:00+05:45
devghat,265,4140,4.98400020599,2026-08-26 09:05:00+00:00,2026-08-26 14:50:00+05:45
devghat,265,4140,5.24599933624,2026-08-26 09:15:00+00:00,2026-08-26 15:00:00+05:45
devghat,265,4140,5.50199985504,2026-08-26 09:25:00+00:00,2026-08-26 15:10:00+05:45
devghat,265,4140,5.70099973679,2026-08-26 09:35:00+00:00,2026-08-26 15:20:00+05:45
devghat,265,4140,5.92100000381,2026-08-26 09:45:00+00:00,2026-08-26 15:30:00+05:45
devghat,265,4140,6.15100002289,2026-08-26 09:55:00+00:00,2026-08-26 15:40:00+05:45
devghat,265,4140,6.28900003433,2026-08-26 10:05:00+00:00,2026-08-26 15:50:00+05:45
devghat,265,4140,6.57299995422,2026-08-26 10:15:00+00:00,2026-08-26 16:00:00+05:45
devghat,265,4140,6.5720000267,2026-08-26 10:25:00+00:00,2026-08-26 16:10:00+05:45
devghat,265,4140,6.1859998703,2026-08-26 10:35:00+00:00,2026-08-26 16:20:00+05:45
devghat,265,4140,5.76099967957,2026-08-26 10:45:00+00:00,2026-08-26 16:30:00+05:45
devghat,265,4140,5.64799976349,2026-08-26 10:55:00+00:00,2026-08-26 16:40:00+05:45
devghat,265,4140,5.23799991608,2026-08-26 11:05:00+00:00,2026-08-26 16:50:00+05:45
devghat,265,4140,4.9390001297,2026-08-26 11:15:00+00:00,2026-08-26 17:00:00+05:45
devghat,265,4140,4.91199970245,2026-08-26 11:25:00+00:00,2026-08-26 17:10:00+05:45
devghat,265,4140,4.6859998703,2026-08-26 11:35:00+00:00,2026-08-26 17:20:00+05:45
devghat,265,4140,4.52600002289,2026-08-26 11:45:00+00:00,2026-08-26 17:30:00+05:45
devghat,265,4140,4.44099998474,2026-08-26 11:55:00+00:00,2026-08-26 17:40:00+05:45
devghat,265,4140,4.24499988556,2026-08-26 12:05:00+00:00,2026-08-26 17:50:00+05:45
devghat,265,4140,4.15899944305,2026-08-26 12:15:00+00:00,2026-08-26 18:00:00+05:45
devghat,265,4140,4.14400005341,2026-08-26 12:25:00+00:00,2026-08-26 18:10:00+05:45
devghat,265,4140,4.09099960327,2026-08-26 12:35:00+00:00,2026-08-26 18:20:00+05:45
devghat,265,4140,4.14499950409,2026-08-26 12:45:00+00:00,2026-08-26 18:30:00+05:45
devghat,265,4140,4.0999994278,2026-08-26 12:55:00+00:00,2026-08-26 18:40:00+05:45
devghat,265,4140,4.13299942017,2026-08-26 13:05:00+00:00,2026-08-26 18:50:00+05:45
devghat,265,4140,4.17199993134,2026-08-26 13:15:00+00:00,2026-08-26 19:00:00+05:45
devghat,265,4140,4.07800006866,2026-08-26 13:25:00+00:00,2026-08-26 19:10:00+05:45
devghat,265,4140,4.09700012207,2026-08-26 13:35:00+00:00,2026-08-26 19:20:00+05:45
devghat,265,4140,4.19299983978,2026-08-26 13:45:00+00:00,2026-08-26 19:30:00+05:45
devghat,265,4140,4.22900009155,2026-08-26 13:55:00+00:00,2026-08-26 19:40:00+05:45
devghat,265,4140,4.04300022125,2026-08-26 14:05:00+00:00,2026-08-26 19:50:00+05:45
devghat,265,4140,4.34099960327,2026-08-26 14:15:00+00:00,2026-08-26 20:00:00+05:45
devghat,265,4140,4.35099983215,2026-08-26 14:25:00+00:00,2026-08-26 20:10:00+05:45
devghat,265,4140,4.34200000763,2026-08-26 14:35:00+00:00,2026-08-26 20:20:00+05:45
devghat,265,4140,4.29699993134,2026-08-26 14:45:00+00:00,2026-08-26 20:30:00+05:45
devghat,265,4140,4.34700012207,2026-08-26 14:55:00+00:00,2026-08-26 20:40:00+05:45
devghat,265,4140,4.41699981689,2026-08-26 15:05:00+00:00,2026-08-26 20:50:00+05:45
devghat,265,4140,4.44299983978,2026-08-26 15:15:00+00:00,2026-08-26 21:00:00+05:45
devghat,265,4140,4.32100009918,2026-08-26 15:25:00+00:00,2026-08-26 21:10:00+05:45
devghat,265,4140,4.25699996948,2026-08-26 15:35:00+00:00,2026-08-26 21:20:00+05:45
devghat,265,4140,4.31499958038,2026-08-26 15:45:00+00:00,2026-08-26 21:30:00+05:45
devghat,265,4140,4.30599975586,2026-08-26 15:55:00+00:00,2026-08-26 21:40:00+05:45
devghat,265,4140,4.27999973297,2026-08-26 16:05:00+00:00,2026-08-26 21:50:00+05:45
devghat,265,4140,4.20399951935,2026-08-26 16:15:00+00:00,2026-08-26 22:00:00+05:45
devghat,265,4140,4.31900024414,2026-08-26 16:25:00+00:00,2026-08-26 22:10:00+05:45
devghat,265,4140,4.22599983215,2026-08-26 16:35:00+00:00,2026-08-26 22:20:00+05:45
devghat,265,4140,4.22299957275,2026-08-26 16:45:00+00:00,2026-08-26 22:30:00+05:45
devghat,265,4140,4.25500011444,2026-08-26 16:55:00+00:00,2026-08-26 22:40:00+05:45
devghat,265,4140,4.28199958801,2026-08-26 17:05:00+00:00,2026-08-26 22:50:00+05:45
devghat,265,4140,4.39200019836,2026-08-26 17:15:00+00:00,2026-08-26 23:00:00+05:45
devghat,265,4140,4.26399993896,2026-08-26 17:25:00+00:00,2026-08-26 23:10:00+05:45
devghat,265,4140,4.35299968719,2026-08-26 17:35:00+00:00,2026-08-26 23:20:00+05:45
devghat,265,4140,4.30599975586,2026-08-26 17:45:00+00:00,2026-08-26 23:30:00+05:45
devghat,265,4140,4.39499950409,2026-08-26 17:55:00+00:00,2026-08-26 23:40:00+05:45
devghat,265,4140,4.36699962616,2026-08-26 18:05:00+00:00,2026-08-26 23:50:00+05:45
devghat,265,4140,4.36600017548,2026-08-26 18:15:00+00:00,2026-08-27 00:00:00+05:45
devghat,265,4140,4.36600017548,2026-08-26 18:25:00+00:00,2026-08-27 00:10:00+05:45
devghat,265,4140,4.52400016785,2026-08-26 18:35:00+00:00,2026-08-27 00:20:00+05:45
devghat,265,4140,4.58599948883,2026-08-26 18:45:00+00:00,2026-08-27 00:30:00+05:45
devghat,265,4140,4.65299987793,2026-08-26 18:55:00+00:00,2026-08-27 00:40:00+05:45
devghat,265,4140,4.67099952698,2026-08-26 19:05:00+00:00,2026-08-27 00:50:00+05:45
devghat,265,4140,4.72399997711,2026-08-26 19:15:00+00:00,2026-08-27 01:00:00+05:45
devghat,265,4140,4.80599975586,2026-08-26 19:25:00+00:00,2026-08-27 01:10:00+05:45
devghat,265,4140,4.7530002594,2026-08-26 19:35:00+00:00,2026-08-27 01:20:00+05:45
devghat,265,4140,4.80099964142,2026-08-26 19:45:00+00:00,2026-08-27 01:30:00+05:45
devghat,265,4140,4.78600025177,2026-08-26 19:55:00+00:00,2026-08-27 01:40:00+05:45
devghat,265,4140,4.88999938965,2026-08-26 20:05:00+00:00,2026-08-27 01:50:00+05:45
devghat,265,4140,4.88500022888,2026-08-26 20:15:00+00:00,2026-08-27 02:00:00+05:45
devghat,265,4140,4.84099960327,2026-08-26 20:25:00+00:00,2026-08-27 02:10:00+05:45
devghat,265,4140,4.98699951172,2026-08-26 20:35:00+00:00,2026-08-27 02:20:00+05:45
devghat,265,4140,4.93700027466,2026-08-26 20:45:00+00:00,2026-08-27 02:30:00+05:45
devghat,265,4140,4.9329996109,2026-08-26 20:55:00+00:00,2026-08-27 02:40:00+05:45
devghat,265,4140,4.99199962616,2026-08-26 21:05:00+00:00,2026-08-27 02:50:00+05:45
devghat,265,4140,4.9299993515,2026-08-26 21:15:00+00:00,2026-08-27 03:00:00+05:45
devghat,265,4140,4.98499965668,2026-08-26 21:25:00+00:00,2026-08-27 03:10:00+05:45
devghat,265,4140,4.97999954224,2026-08-26 21:35:00+00:00,2026-08-27 03:20:00+05:45
devghat,265,4140,4.94199943542,2026-08-26 21:45:00+00:00,2026-08-27 03:30:00+05:45
devghat,265,4140,4.96700000763,2026-08-26 21:55:00+00:00,2026-08-27 03:40:00+05:45
devghat,265,4140,4.97599983215,2026-08-26 22:05:00+00:00,2026-08-27 03:50:00+05:45
devghat,265,4140,5.03299999237,2026-08-26 22:15:00+00:00,2026-08-27 04:00:00+05:45
devghat,265,4140,5.02099990845,2026-08-26 22:25:00+00:00,2026-08-27 04:10:00+05:45
devghat,265,4140,5.08099937439,2026-08-26 22:35:00+00:00,2026-08-27 04:20:00+05:45
devghat,265,4140,5.02799987793,2026-08-26 22:45:00+00:00,2026-08-27 04:30:00+05:45
devghat,265,4140,4.99800014496,2026-08-26 22:55:00+00:00,2026-08-27 04:40:00+05:45
devghat,265,4140,4.95800018311,2026-08-26 23:05:00+00:00,2026-08-27 04:50:00+05:45
devghat,265,4140,5.04099941254,2026-08-26 23:15:00+00:00,2026-08-27 05:00:00+05:45
devghat,265,4140,5.0579996109,2026-08-26 23:25:00+00:00,2026-08-27 05:10:00+05:45
devghat,265,4140,5.13500022888,2026-08-26 23:35:00+00:00,2026-08-27 05:20:00+05:45
devghat,265,4140,5.06900024414,2026-08-26 23:45:00+00:00,2026-08-27 05:30:00+05:45
devghat,265,4140,5.06699943542,2026-08-26 23:55:00+00:00,2026-08-27 05:40:00+05:45
galchhi,5705,36628,361.973815918,2026-08-26 00:05:00+00:00,2026-08-26 05:50:00+05:45
galchhi,5705,36628,361.881591797,2026-08-26 00:15:00+00:00,2026-08-26 06:00:00+05:45
galchhi,5705,36628,361.838012695,2026-08-26 00:25:00+00:00,2026-08-26 06:10:00+05:45
galchhi,5705,36628,361.76171875,2026-08-26 00:35:00+00:00,2026-08-26 06:20:00+05:45
galchhi,5705,36628,361.700408936,2026-08-26 00:45:00+00:00,2026-08-26 06:30:00+05:45
galchhi,5705,36628,361.57611084,2026-08-26 00:55:00+00:00,2026-08-26 06:40:00+05:45
galchhi,5705,36628,361.496795654,2026-08-26 01:05:00+00:00,2026-08-26 06:50:00+05:45
galchhi,5705,36628,361.438903809,2026-08-26 01:15:00+00:00,2026-08-26 07:00:00+05:45
galchhi,5705,36628,361.356109619,2026-08-26 01:25:00+00:00,2026-08-26 07:10:00+05:45
galchhi,5705,36628,361.316497803,2026-08-26 01:35:00+00:00,2026-08-26 07:20:00+05:45
galchhi,5705,36628,361.234893799,2026-08-26 01:45:00+00:00,2026-08-26 07:30:00+05:45
galchhi,5705,36628,361.180419922,2026-08-26 01:55:00+00:00,2026-08-26 07:40:00+05:45
galchhi,5705,36628,361.154998779,2026-08-26 02:05:00+00:00,2026-08-26 07:50:00+05:45
galchhi,5705,36628,361.082214355,2026-08-26 02:15:00+00:00,2026-08-26 08:00:00+05:45
galchhi,5705,36628,361.000305176,2026-08-26 02:25:00+00:00,2026-08-26 08:10:00+05:45
galchhi,5705,36628,360.963623047,2026-08-26 02:35:00+00:00,2026-08-26 08:20:00+05:45
galchhi,5705,36628,360.947814941,2026-08-26 02:45:00+00:00,2026-08-26 08:30:00+05:45
galchhi,5705,36628,360.922515869,2026-08-26 02:55:00+00:00,2026-08-26 08:40:00+05:45
galchhi,5705,36628,360.846008301,2026-08-26 03:05:00+00:00,2026-08-26 08:50:00+05:45
galchhi,5705,36628,360.836212158,2026-08-26 03:15:00+00:00,2026-08-26 09:00:00+05:45
galchhi,5705,36628,360.776123047,2026-08-26 03:25:00+00:00,2026-08-26 09:10:00+05:45
galchhi,5705,36628,360.735900879,2026-08-26 03:35:00+00:00,2026-08-26 09:20:00+05:45
galchhi,5705,36628,360.767303467,2026-08-26 03:45:00+00:00,2026-08-26 09:30:00+05:45
galchhi,5705,36628,360.689300537,2026-08-26 03:55:00+00:00,2026-08-26 09:40:00+05:45
galchhi,5705,36628,360.631896973,2026-08-26 04:05:00+00:00,2026-08-26 09:50:00+05:45
galchhi,5705,36628,360.63961792,2026-08-26 04:15:00+00:00,2026-08-26 10:00:00+05:45
galchhi,5705,36628,360.629119873,2026-08-26 04:25:00+00:00,2026-08-26 10:10:00+05:45
galchhi,5705,36628,360.622894287,2026-08-26 04:35:00+00:00,2026-08-26 10:20:00+05:45
galchhi,5705,36628,363.582794189,2026-08-26 04:45:00+00:00,2026-08-26 10:30:00+05:45
galchhi,5705,36628,368.169921875,2026-08-26 04:55:00+00:00,2026-08-26 10:40:00+05:45
galchhi,5705,36628,369.450897217,2026-08-26 05:05:00+00:00,2026-08-26 10:50:00+05:45
galchhi,5705,36628,369.381195068,2026-08-26 05:15:00+00:00,2026-08-26 11:00:00+05:45
galchhi,5705,36628,368.898895264,2026-08-26 05:25:00+00:00,2026-08-26 11:10:00+05:45
galchhi,5705,36628,368.531494141,2026-08-26 05:35:00+00:00,2026-08-26 11:20:00+05:45
galchhi,5705,36628,367.842407227,2026-08-26 05:45:00+00:00,2026-08-26 11:30:00+05:45
galchhi,5705,36628,367.089111328,2026-08-26 05:55:00+00:00,2026-08-26 11:40:00+05:45
galchhi,5705,36628,366.215209961,2026-08-26 06:05:00+00:00,2026-08-26 11:50:00+05:45
galchhi,5705,36628,365.468322754,2026-08-26 06:15:00+00:00,2026-08-26 12:00:00+05:45
galchhi,5705,36628,364.742797852,2026-08-26 06:25:00+00:00,2026-08-26 12:10:00+05:45
galchhi,5705,36628,364.321411133,2026-08-26 06:35:00+00:00,2026-08-26 12:20:00+05:45
galchhi,5705,36628,363.760101318,2026-08-26 06:45:00+00:00,2026-08-26 12:30:00+05:45
galchhi,5705,36628,363.49621582,2026-08-26 06:55:00+00:00,2026-08-26 12:40:00+05:45
galchhi,5705,36628,362.996612549,2026-08-26 07:05:00+00:00,2026-08-26 12:50:00+05:45
galchhi,5705,36628,362.590118408,2026-08-26 07:15:00+00:00,2026-08-26 13:00:00+05:45
galchhi,5705,36628,362.183105469,2026-08-26 07:25:00+00:00,2026-08-26 13:10:00+05:45
galchhi,5705,36628,361.991912842,2026-08-26 07:35:00+00:00,2026-08-26 13:20:00+05:45
galchhi,5705,36628,361.781616211,2026-08-26 07:45:00+00:00,2026-08-26 13:30:00+05:45
galchhi,5705,36628,361.496002197,2026-08-26 07:55:00+00:00,2026-08-26 13:40:00+05:45
galchhi,5705,36628,361.440093994,2026-08-26 08:05:00+00:00,2026-08-26 13:50:00+05:45
galchhi,5705,36628,361.215698242,2026-08-26 08:15:00+00:00,2026-08-26 14:00:00+05:45
galchhi,5705,36628,361.139709473,2026-08-26 08:25:00+00:00,2026-08-26 14:10:00+05:45
galchhi,5705,36628,360.951812744,2026-08-26 08:35:00+00:00,2026-08-26 14:20:00+05:45
galchhi,5705,36628,360.926116943,2026-08-26 08:45:00+00:00,2026-08-26 14:30:00+05:45
galchhi,5705,36628,360.668792725,2026-08-26 08:55:00+00:00,2026-08-26 14:40:00+05:45
galchhi,5705,36628,360.495605469,2026-08-26 09:05:00+00:00,2026-08-26 14:50:00+05:45
galchhi,5705,36628,360.527099609,2026-08-26 09:15:00+00:00,2026-08-26 15:00:00+05:45
galchhi,5705,36628,360.395294189,2026-08-26 09:25:00+00:00,2026-08-26 15:10:00+05:45
galchhi,5705,36628,360.386322021,2026-08-26 09:35:00+00:00,2026-08-26 15:20:00+05:45
galchhi,5705,36628,360.340698242,2026-08-26 09:45:00+00:00,2026-08-26 15:30:00+05:45
galchhi,5705,36628,360.214996338,2026-08-26 09:55:00+00:00,2026-08-26 15:40:00+05:45
galchhi,5705,36628,360.128204346,2026-08-26 10:05:00+00:00,2026-08-26 15:50:00+05:45
galchhi,5705,36628,360.153015137,2026-08-26 10:15:00+00:00,2026-08-26 16:00:00+05:45
galchhi,5705,36628,360.1144104,2026-08-26 10:25:00+00:00,2026-08-26 16:10:00+05:45
galchhi,5705,36628,359.98739624,2026-08-26 10:35:00+00:00,2026-08-26 16:20:00+05:45
galchhi,5705,36628,359.94720459,2026-08-26 10:45:00+00:00,2026-08-26 16:30:00+05:45
galchhi,5705,36628,360.028015137,2026-08-26 10:55:00+00:00,2026-08-26 16:40:00+05:45
galchhi,5705,36628,360.036895752,2026-08-26 11:05:00+00:00,2026-08-26 16:50:00+05:45
galchhi,5705,36628,360.134521484,2026-08-26 11:15:00+00:00,2026-08-26 17:00:00+05:45
galchhi,5705,36628,360.218017578,2026-08-26 11:25:00+00:00,2026-08-26 17:10:00+05:45
galchhi,5705,36628,360.37689209,2026-08-26 11:35:00+00:00,2026-08-26 17:20:00+05:45
galchhi,5705,36628,360.26171875,2026-08-26 11:45:00+00:00,2026-08-26 17:30:00+05:45
galchhi,5705,36628,360.182403564,2026-08-26 11:55:00+00:00,2026-08-26 17:40:00+05:45
galchhi,5705,36628,360.331604004,2026-08-26 12:05:00+00:00,2026-08-26 17:50:00+05:45
galchhi,5705,36628,360.292816162,2026-08-26 12:15:00+00:00,2026-08-26 18:00:00+05:45
galchhi,5705,36628,360.009216309,2026-08-26 12:25:00+00:00,2026-08-26 18:10:00+05:45
galchhi,5705,36628,360.226501465,2026-08-26 12:35:00+00:00,2026-08-26 18:20:00+05:45
galchhi,5705,36628,360.434997559,2026-08-26 12:45:00+00:00,2026-08-26 18:30:00+05:45
galchhi,5705,36628,360.022216797,2026-08-26 12:55:00+00:00,2026-08-26 18:40:00+05:45
galchhi,5705,36628,359.973693848,2026-08-26 13:05:00+00:00,2026-08-26 18:50:00+05:45
galchhi,5705,36628,360.557220459,2026-08-26 13:15:00+00:00,2026-08-26 19:00:00+05:45
galchhi,5705,36628,360.12802124,2026-08-26 13:25:00+00:00,2026-08-26 19:10:00+05:45
galchhi,5705,36628,360.358520508,2026-08-26 13:35:00+00:00,2026-08-26 19:20:00+05:45
galchhi,5705,36628,360.299804688,2026-08-26 13:45:00+00:00,2026-08-26 19:30:00+05:45
galchhi,5705,36628,360.75869751,2026-08-26 13:55:00+00:00,2026-08-26 19:40:00+05:45
galchhi,5705,36628,360.903900146,2026-08-26 14:05:00+00:00,2026-08-26 19:50:00+05:45
galchhi,5705,36628,360.989318848,2026-08-26 14:15:00+00:00,2026-08-26 20:00:00+05:45
galchhi,5705,36628,361.274200439,2026-08-26 14:25:00+00:00,2026-08-26 20:10:00+05:45
galchhi,5705,36628,361.21472168,2026-08-26 14:35:00+00:00,2026-08-26 20:20:00+05:45
galchhi,5705,36628,361.003601074,2026-08-26 14:45:00+00:00,2026-08-26 20:30:00+05:45
galchhi,5705,36628,361.257720947,2026-08-26 14:55:00+00:00,2026-08-26 20:40:00+05:45
galchhi,5705,36628,361.357696533,2026-08-26 15:05:00+00:00,2026-08-26 20:50:00+05:45
galchhi,5705,36628,361.451507568,2026-08-26 15:15:00+00:00,2026-08-26 21:00:00+05:45
galchhi,5705,36628,361.19720459,2026-08-26 15:25:00+00:00,2026-08-26 21:10:00+05:45
galchhi,5705,36628,361.147613525,2026-08-26 15:35:00+00:00,2026-08-26 21:20:00+05:45
galchhi,5705,36628,361.226898193,2026-08-26 15:45:00+00:00,2026-08-26 21:30:00+05:45
galchhi,5705,36628,361.548614502,2026-08-26 15:55:00+00:00,2026-08-26 21:40:00+05:45
galchhi,5705,36628,361.109191895,2026-08-26 16:05:00+00:00,2026-08-26 21:50:00+05:45
galchhi,5705,36628,361.158905029,2026-08-26 16:15:00+00:00,2026-08-26 22:00:00+05:45
galchhi,5705,36628,360.913909912,2026-08-26 16:25:00+00:00,2026-08-26 22:10:00+05:45
galchhi,5705,36628,361.423614502,2026-08-26 16:35:00+00:00,2026-08-26 22:20:00+05:45
galchhi,5705,36628,360.96081543,2026-08-26 16:45:00+00:00,2026-08-26 22:30:00+05:45
galchhi,5705,36628,360.929504395,2026-08-26 16:55:00+00:00,2026-08-26 22:40:00+05:45
galchhi,5705,36628,361.153015137,2026-08-26 17:05:00+00:00,2026-08-26 22:50:00+05:45
galchhi,5705,36628,361.32711792,2026-08-26 17:15:00+00:00,2026-08-26 23:00:00+05:45
galchhi,5705,36628,361.278411865,2026-08-26 17:25:00+00:00,2026-08-26 23:10:00+05:45
galchhi,5705,36628,361.486907959,2026-08-26 17:35:00+00:00,2026-08-26 23:20:00+05:45
galchhi,5705,36628,361.042205811,2026-08-26 17:45:00+00:00,2026-08-26 23:30:00+05:45
galchhi,5705,36628,361.82510376,2026-08-26 17:55:00+00:00,2026-08-26 23:40:00+05:45
galchhi,5705,36628,361.452209473,2026-08-26 18:05:00+00:00,2026-08-26 23:50:00+05:45
galchhi,5705,36628,361.012908936,2026-08-26 18:15:00+00:00,2026-08-27 00:00:00+05:45
galchhi,5705,36628,361.402801514,2026-08-26 18:25:00+00:00,2026-08-27 00:10:00+05:45
galchhi,5705,36628,360.992004395,2026-08-26 18:35:00+00:00,2026-08-27 00:20:00+05:45
galchhi,5705,36628,361.129211426,2026-08-26 18:45:00+00:00,2026-08-27 00:30:00+05:45
galchhi,5705,36628,361.246520996,2026-08-26 18:55:00+00:00,2026-08-27 00:40:00+05:45
galchhi,5705,36628,361.605194092,2026-08-26 19:05:00+00:00,2026-08-27 00:50:00+05:45
galchhi,5705,36628,360.875,2026-08-26 19:15:00+00:00,2026-08-27 01:00:00+05:45
galchhi,5705,36628,361.046813965,2026-08-26 19:25:00+00:00,2026-08-27 01:10:00+05:45
galchhi,5705,36628,361.450805664,2026-08-26 19:35:00+00:00,2026-08-27 01:20:00+05:45
galchhi,5705,36628,361.096496582,2026-08-26 19:45:00+00:00,2026-08-27 01:30:00+05:45
galchhi,5705,36628,361.030914307,2026-08-26 19:55:00+00:00,2026-08-27 01:40:00+05:45
galchhi,5705,36628,361.278198242,2026-08-26 20:05:00+00:00,2026-08-27 01:50:00+05:45
galchhi,5705,36628,361.040313721,2026-08-26 20:15:00+00:00,2026-08-27 02:00:00+05:45
galchhi,5705,36628,361.384521484,2026-08-26 20:25:00+00:00,2026-08-27 02:10:00+05:45
galchhi,5705,36628,361.0519104,2026-08-26 20:35:00+00:00,2026-08-27 02:20:00+05:45
galchhi,5705,36628,361.200805664,2026-08-26 20:45:00+00:00,2026-08-27 02:30:00+05:45
galchhi,5705,36628,360.982299805,2026-08-26 20:55:00+00:00,2026-08-27 02:40:00+05:45
galchhi,5705,36628,361.131713867,2026-08-26 21:05:00+00:00,2026-08-27 02:50:00+05:45
galchhi,5705,36628,361.043304443,2026-08-26 21:15:00+00:00,2026-08-27 03:00:00+05:45
galchhi,5705,36628,361.165100098,2026-08-26 21:25:00+00:00,2026-08-27 03:10:00+05:45
galchhi,5705,36628,361.149810791,2026-08-26 21:35:00+00:00,2026-08-27 03:20:00+05:45
galchhi,5705,36628,360.7394104,2026-08-26 21:45:00+00:00,2026-08-27 03:30:00+05:45
galchhi,5705,36628,361.023010254,2026-08-26 21:55:00+00:00,2026-08-27 03:40:00+05:45
galchhi,5705,36628,361.094696045,2026-08-26 22:05:00+00:00,2026-08-27 03:50:00+05:45
galchhi,5705,36628,360.913513184,2026-08-26 22:15:00+00:00,2026-08-27 04:00:00+05:45
galchhi,5705,36628,361.016693115,2026-08-26 22:25:00+00:00,2026-08-27 04:10:00+05:45
galchhi,5705,36628,360.959106445,2026-08-26 22:35:00+00:00,2026-08-27 04:20:00+05:45
galchhi,5705,36628,360.910400391,2026-08-26 22:45:00+00:00,2026-08-27 04:30:00+05:45
galchhi,5705,36628,360.579315186,2026-08-26 22:55:00+00:00,2026-08-27 04:40:00+05:45
galchhi,5705,36628,360.894714355,2026-08-26 23:05:00+00:00,2026-08-27 04:50:00+05:45
galchhi,5705,36628,360.715515137,2026-08-26 23:15:00+00:00,2026-08-27 05:00:00+05:45
galchhi,5705,36628,360.926208496,2026-08-26 23:25:00+00:00,2026-08-27 05:10:00+05:45
galchhi,5705,36628,361.064910889,2026-08-26 23:35:00+00:00,2026-08-27 05:20:00+05:45
galchhi,5705,36628,360.803710938,2026-08-26 23:45:00+00:00,2026-08-27 05:30:00+05:45
galchhi,5705,36628,360.928405762,2026-08-26 23:55:00+00:00,2026-08-27 05:40:00+05:45
kali_khola,4781,19583,6.98299884796,2026-08-26 00:05:00+00:00,2026-08-26 05:50:00+05:45
kali_khola,4781,19583,6.99999904633,2026-08-26 00:15:00+00:00,2026-08-26 06:00:00+05:45
kali_khola,4781,19583,7.00999927521,2026-08-26 00:25:00+00:00,2026-08-26 06:10:00+05:45
kali_khola,4781,19583,7.05999946594,2026-08-26 00:35:00+00:00,2026-08-26 06:20:00+05:45
kali_khola,4781,19583,7.12299919128,2026-08-26 00:45:00+00:00,2026-08-26 06:30:00+05:45
kali_khola,4781,19583,7.12699890137,2026-08-26 00:55:00+00:00,2026-08-26 06:40:00+05:45
kali_khola,4781,19583,7.21799945831,2026-08-26 01:05:00+00:00,2026-08-26 06:50:00+05:45
kali_khola,4781,19583,7.29499912262,2026-08-26 01:15:00+00:00,2026-08-26 07:00:00+05:45
kali_khola,4781,19583,7.35299873352,2026-08-26 01:25:00+00:00,2026-08-26 07:10:00+05:45
kali_khola,4781,19583,7.42199897766,2026-08-26 01:35:00+00:00,2026-08-26 07:20:00+05:45
kali_khola,4781,19583,7.45799922943,2026-08-26 01:45:00+00:00,2026-08-26 07:30:00+05:45
kali_khola,4781,19583,7.44699954987,2026-08-26 01:55:00+00:00,2026-08-26 07:40:00+05:45
kali_khola,4781,19583,7.54999923706,2026-08-26 02:05:00+00:00,2026-08-26 07:50:00+05:45
kali_khola,4781,19583,7.55599880219,2026-08-26 02:15:00+00:00,2026-08-26 08:00:00+05:45
kali_khola,4781,19583,7.63399887085,2026-08-26 02:25:00+00:00,2026-08-26 08:10:00+05:45
kali_khola,4781,19583,7.69099903107,2026-08-26 02:35:00+00:00,2026-08-26 08:20:00+05:45
kali_khola,4781,19583,7.73099899292,2026-08-26 02:45:00+00:00,2026-08-26 08:30:00+05:45
kali_khola,4781,19583,7.76199913025,2026-08-26 02:55:00+00:00,2026-08-26 08:40:00+05:45
kali_khola,4781,19583,7.81199932098,2026-08-26 03:05:00+00:00,2026-08-26 08:50:00+05:45
kali_khola,4781,19583,7.8049993515,2026-08-26 03:15:00+00:00,2026-08-26 09:00:00+05:45
kali_khola,4781,19583,7.81199932098,2026-08-26 03:25:00+00:00,2026-08-26 09:10:00+05:45
kali_khola,4781,19583,7.7799987793,2026-08-26 03:35:00+00:00,2026-08-26 09:20:00+05:45
kali_khola,4781,19583,7.7439994812,2026-08-26 03:45:00+00:00,2026-08-26 09:30:00+05:45
kali_khola,4781,19583,7.6739988327,2026-08-26 03:55:00+00:00,2026-08-26 09:40:00+05:45
kali_khola,4781,19583,7.53799915314,2026-08-26 04:05:00+00:00,2026-08-26 09:50:00+05:45
kali_khola,4781,19583,7.52199935913,2026-08-26 04:15:00+00:00,2026-08-26 10:00:00+05:45
kali_khola,4781,19583,7.50599861145,2026-08-26 04:25:00+00:00,2026-08-26 10:10:00+05:45
kali_khola,4781,19583,7.43999862671,2026-08-26 04:35:00+00:00,2026-08-26 10:20:00+05:45
kali_khola,4781,19583,7.45299911499,2026-08-26 04:45:00+00:00,2026-08-26 10:30:00+05:45
kali_khola,4781,19583,7.38799953461,2026-08-26 04:55:00+00:00,2026-08-26 10:40:00+05:45
kali_khola,4781,19583,7.36199951172,2026-08-26 05:05:00+00:00,2026-08-26 10:50:00+05:45
kali_khola,4781,19583,7.30099868774,2026-08-26 05:15:00+00:00,2026-08-26 11:00:00+05:45
kali_khola,4781,19583,7.28799915314,2026-08-26 05:25:00+00:00,2026-08-26 11:10:00+05:45
kali_khola,4781,19583,7.20799922943,2026-08-26 05:35:00+00:00,2026-08-26 11:20:00+05:45
kali_khola,4781,19583,7.19099903107,2026-08-26 05:45:00+00:00,2026-08-26 11:30:00+05:45
kali_khola,4781,19583,7.15099906921,2026-08-26 05:55:00+00:00,2026-08-26 11:40:00+05:45
kali_khola,4781,19583,7.08099937439,2026-08-26 06:05:00+00:00,2026-08-26 11:50:00+05:45
kali_khola,4781,19583,7.06899929047,2026-08-26 06:15:00+00:00,2026-08-26 12:00:00+05:45
kali_khola,4781,19583,6.98699951172,2026-08-26 06:25:00+00:00,2026-08-26 12:10:00+05:45
kali_khola,4781,19583,6.9659986496,2026-08-26 06:35:00+00:00,2026-08-26 12:20:00+05:45
kali_khola,4781,19583,6.88299942017,2026-08-26 06:45:00+00:00,2026-08-26 12:30:00+05:45
kali_khola,4781,19583,6.81299877167,2026-08-26 06:55:00+00:00,2026-08-26 12:40:00+05:45
kali_khola,4781,19583,6.77399921417,2026-08-26 07:05:00+00:00,2026-08-26 12:50:00+05:45
kali_khola,4781,19583,6.73699951172,2026-08-26 07:15:00+00:00,2026-08-26 13:00:00+05:45
kali_khola,4781,19583,6.73699951172,2026-08-26 07:25:00+00:00,2026-08-26 13:10:00+05:45
kali_khola,4781,19583,7.16599941254,2026-08-26 07:35:00+00:00,2026-08-26 13:20:00+05:45
kali_khola,4781,19583,8.12799930573,2026-08-26 07:45:00+00:00,2026-08-26 13:30:00+05:45
kali_khola,4781,19583,9.34199905396,2026-08-26 07:55:00+00:00,2026-08-26 13:40:00+05:45
kali_khola,4781,19583,10.3169994354,2026-08-26 08:05:00+00:00,2026-08-26 13:50:00+05:45
kali_khola,4781,19583,11.2659988403,2026-08-26 08:15:00+00:00,2026-08-26 14:00:00+05:45
kali_khola,4781,19583,12.0839986801,2026-08-26 08:25:00+00:00,2026-08-26 14:10:00+05:45
kali_khola,4781,19583,12.345998764,2026-08-26 08:35:00+00:00,2026-08-26 14:20:00+05:45
kali_khola,4781,19583,12.2649993896,2026-08-26 08:45:00+00:00,2026-08-26 14:30:00+05:45
kali_khola,4781,19583,11.8039989471,2026-08-26 08:55:00+00:00,2026-08-26 14:40:00+05:45
kali_khola,4781,19583,11.1019992828,2026-08-26 09:05:00+00:00,2026-08-26 14:50:00+05:45
kali_khola,4781,19583,10.6259994507,2026-08-26 09:15:00+00:00,2026-08-26 15:00:00+05:45
kali_khola,4781,19583,10.0259990692,2026-08-26 09:25:00+00:00,2026-08-26 15:10:00+05:45
kali_khola,4781,19583,9.50099945068,2026-08-26 09:35:00+00:00,2026-08-26 15:20:00+05:45
kali_khola,4781,19583,9.11099910736,2026-08-26 09:45:00+00:00,2026-08-26 15:30:00+05:45
kali_khola,4781,19583,8.6189994812,2026-08-26 09:55:00+00:00,2026-08-26 15:40:00+05:45
kali_khola,4781,19583,8.20499897003,2026-08-26 10:05:00+00:00,2026-08-26 15:50:00+05:45
kali_khola,4781,19583,7.82499885559,2026-08-26 10:15:00+00:00,2026-08-26 16:00:00+05:45
kali_khola,4781,19583,7.41799926758,2026-08-26 10:25:00+00:00,2026-08-26 16:10:00+05:45
kali_khola,4781,19583,7.14499950409,2026-08-26 10:35:00+00:00,2026-08-26 16:20:00+05:45
kali_khola,4781,19583,7.00599861145,2026-08-26 10:45:00+00:00,2026-08-26 16:30:00+05:45
kali_khola,4781,19583,6.79599952698,2026-08-26 10:55:00+00:00,2026-08-26 16:40:00+05:45
kali_khola,4781,19583,6.63299942017,2026-08-26 11:05:00+00:00,2026-08-26 16:50:00+05:45
kali_khola,4781,19583,6.38899898529,2026-08-26 11:15:00+00:00,2026-08-26 17:00:00+05:45
kali_khola,4781,19583,6.25699901581,2026-08-26 11:25:00+00:00,2026-08-26 17:10:00+05:45
kali_khola,4781,19583,6.12999916077,2026-08-26 11:35:00+00:00,2026-08-26 17:20:00+05:45
kali_khola,4781,19583,6.03999900818,2026-08-26 11:45:00+00:00,2026-08-26 17:30:00+05:45
kali_khola,4781,19583,6.01999950409,2026-08-26 11:55:00+00:00,2026-08-26 17:40:00+05:45
kali_khola,4781,19583,5.94199943542,2026-08-26 12:05:00+00:00,2026-08-26 17:50:00+05:45
kali_khola,4781,19583,5.97899913788,2026-08-26 12:15:00+00:00,2026-08-26 18:00:00+05:45
kali_khola,4781,19583,5.87099933624,2026-08-26 12:25:00+00:00,2026-08-26 18:10:00+05:45
kali_khola,4781,19583,5.80599880219,2026-08-26 12:35:00+00:00,2026-08-26 18:20:00+05:45
kali_khola,4781,19583,5.87599945068,2026-08-26 12:45:00+00:00,2026-08-26 18:30:00+05:45
kali_khola,4781,19583,5.85499954224,2026-08-26 12:55:00+00:00,2026-08-26 18:40:00+05:45
kali_khola,4781,19583,5.88399887085,2026-08-26 13:05:00+00:00,2026-08-26 18:50:00+05:45
kali_khola,4781,19583,5.75299930573,2026-08-26 13:15:00+00:00,2026-08-26 19:00:00+05:45
kali_khola,4781,19583,5.76199913025,2026-08-26 13:25:00+00:00,2026-08-26 19:10:00+05:45
kali_khola,4781,19583,5.69999885559,2026-08-26 13:35:00+00:00,2026-08-26 19:20:00+05:45
kali_khola,4781,19583,5.71799945831,2026-08-26 13:45:00+00:00,2026-08-26 19:30:00+05:45
kali_khola,4781,19583,5.63499927521,2026-08-26 13:55:00+00:00,2026-08-26 19:40:00+05:45
kali_khola,4781,19583,5.53799915314,2026-08-26 14:05:00+00:00,2026-08-26 19:50:00+05:45
kali_khola,4781,19583,5.51199913025,2026-08-26 14:15:00+00:00,2026-08-26 20:00:00+05:45
kali_khola,4781,19583,5.468998909,2026-08-26 14:25:00+00:00,2026-08-26 20:10:00+05:45
kali_khola,4781,19583,5.45699882507,2026-08-26 14:35:00+00:00,2026-08-26 20:20:00+05:45
kali_khola,4781,19583,5.40299892426,2026-08-26 14:45:00+00:00,2026-08-26 20:30:00+05:45
kali_khola,4781,19583,5.34499931335,2026-08-26 14:55:00+00:00,2026-08-26 20:40:00+05:45
kali_khola,4781,19583,5.41599941254,2026-08-26 15:05:00+00:00,2026-08-26 20:50:00+05:45
kali_khola,4781,19583,5.4719991684,2026-08-26 15:15:00+00:00,2026-08-26 21:00:00+05:45
kali_khola,4781,19583,5.4659986496,2026-08-26 15:25:00+00:00,2026-08-26 21:10:00+05:45
kali_khola,4781,19583,5.55899906158,2026-08-26 15:35:00+00:00,2026-08-26 21:20:00+05:45
kali_khola,4781,19583,5.58599948883,2026-08-26 15:45:00+00:00,2026-08-26 21:30:00+05:45
kali_khola,4781,19583,5.68199920654,2026-08-26 15:55:00+00:00,2026-08-26 21:40:00+05:45
kali_khola,4781,19583,5.80799865723,2026-08-26 16:05:00+00:00,2026-08-26 21:50:00+05:45
kali_khola,4781,19583,5.85699939728,2026-08-26 16:15:00+00:00,2026-08-26 22:00:00+05:45
kali_khola,4781,19583,5.93799877167,2026-08-26 16:25:00+00:00,2026-08-26 22:10:00+05:45
kali_khola,4781,19583,6.02099895477,2026-08-26 16:35:00+00:00,2026-08-26 22:20:00+05:45
kali_khola,4781,19583,6.10099887848,2026-08-26 16:45:00+00:00,2026-08-26 22:30:00+05:45
kali_khola,4781,19583,6.21999931335,2026-08-26 16:55:00+00:00,2026-08-26 22:40:00+05:45
kali_khola,4781,19583,6.33999919891,2026-08-26 17:05:00+00:00,2026-08-26 22:50:00+05:45
kali_khola,4781,19583,6.52799892426,2026-08-26 17:15:00+00:00,2026-08-26 23:00:00+05:45
kali_khola,4781,19583,6.72399902344,2026-08-26 17:25:00+00:00,2026-08-26 23:10:00+05:45
kali_khola,4781,19583,6.87799930573,2026-08-26 17:35:00+00:00,2026-08-26 23:20:00+05:45
kali_khola,4781,19583,7.05699920654,2026-08-26 17:45:00+00:00,2026-08-26 23:30:00+05:45
kali_khola,4781,19583,7.22799873352,2026-08-26 17:55:00+00:00,2026-08-26 23:40:00+05:45
kali_khola,4781,19583,7.35599899292,2026-08-26 18:05:00+00:00,2026-08-26 23:50:00+05:45
kali_khola,4781,19583,7.49799919128,2026-08-26 18:15:00+00:00,2026-08-27 00:00:00+05:45
kali_khola,4781,19583,7.55999946594,2026-08-26 18:25:00+00:00,2026-08-27 00:10:00+05:45
kali_khola,4781,19583,7.70499897003,2026-08-26 18:35:00+00:00,2026-08-27 00:20:00+05:45
kali_khola,4781,19583,7.7989988327,2026-08-26 18:45:00+00:00,2026-08-27 00:30:00+05:45
kali_khola,4781,19583,7.81299877167,2026-08-26 18:55:00+00:00,2026-08-27 00:40:00+05:45
kali_khola,4781,19583,7.7799987793,2026-08-26 19:05:00+00:00,2026-08-27 00:50:00+05:45
kali_khola,4781,19583,7.75199890137,2026-08-26 19:15:00+00:00,2026-08-27 01:00:00+05:45
kali_khola,4781,19583,7.92199897766,2026-08-26 19:25:00+00:00,2026-08-27 01:10:00+05:45
kali_khola,4781,19583,7.86099910736,2026-08-26 19:35:00+00:00,2026-08-27 01:20:00+05:45
kali_khola,4781,19583,7.88999938965,2026-08-26 19:45:00+00:00,2026-08-27 01:30:00+05:45
kali_khola,4781,19583,7.83999919891,2026-08-26 19:55:00+00:00,2026-08-27 01:40:00+05:45
kali_khola,4781,19583,7.86699867249,2026-08-26 20:05:00+00:00,2026-08-27 01:50:00+05:45
kali_khola,4781,19583,7.87199878693,2026-08-26 20:15:00+00:00,2026-08-27 02:00:00+05:45
kali_khola,4781,19583,7.9109992981,2026-08-26 20:25:00+00:00,2026-08-27 02:10:00+05:45
kali_khola,4781,19583,7.85899925232,2026-08-26 20:35:00+00:00,2026-08-27 02:20:00+05:45
kali_khola,4781,19583,7.9079990387,2026-08-26 20:45:00+00:00,2026-08-27 02:30:00+05:45
kali_khola,4781,19583,7.84799861908,2026-08-26 20:55:00+00:00,2026-08-27 02:40:00+05:45
kali_khola,4781,19583,7.86799907684,2026-08-26 21:05:00+00:00,2026-08-27 02:50:00+05:45
kali_khola,4781,19583,7.89699935913,2026-08-26 21:15:00+00:00,2026-08-27 03:00:00+05:45
kali_khola,4781,19583,7.88599872589,2026-08-26 21:25:00+00:00,2026-08-27 03:10:00+05:45
kali_khola,4781,19583,7.79599952698,2026-08-26 21:35:00+00:00,2026-08-27 03:20:00+05:45
kali_khola,4781,19583,7.85799884796,2026-08-26 21:45:00+00:00,2026-08-27 03:30:00+05:45
kali_khola,4781,19583,7.77499866486,2026-08-26 21:55:00+00:00,2026-08-27 03:40:00+05:45
kali_khola,4781,19583,7.74899864197,2026-08-26 22:05:00+00:00,2026-08-27 03:50:00+05:45
kali_khola,4781,19583,7.77099895477,2026-08-26 22:15:00+00:00,2026-08-27 04:00:00+05:45
kali_khola,4781,19583,7.7249994278,2026-08-26 22:25:00+00:00,2026-08-27 04:10:00+05:45
kali_khola,4781,19583,7.77799892426,2026-08-26 22:35:00+00:00,2026-08-27 04:20:00+05:45
kali_khola,4781,19583,7.76499938965,2026-08-26 22:45:00+00:00,2026-08-27 04:30:00+05:45
kali_khola,4781,19583,7.71799945831,2026-08-26 22:55:00+00:00,2026-08-27 04:40:00+05:45
kali_khola,4781,19583,7.69699954987,2026-08-26 23:05:00+00:00,2026-08-27 04:50:00+05:45
kali_khola,4781,19583,7.64199924469,2026-08-26 23:15:00+00:00,2026-08-27 05:00:00+05:45
kali_khola,4781,19583,7.66499900818,2026-08-26 23:25:00+00:00,2026-08-27 05:10:00+05:45
kali_khola,4781,19583,7.6609992981,2026-08-26 23:35:00+00:00,2026-08-27 05:20:00+05:45
kali_khola,4781,19583,7.61199951172,2026-08-26 23:45:00+00:00,2026-08-27 05:30:00+05:45
kali_khola,4781,19583,7.62599945068,2026-08-26 23:55:00+00:00,2026-08-27 05:40:00+05:45
