line,chainage_km,thalweg_z,unosat_affected_cells,unosat_affected_trimline_m,unosat_affected_trimline_p25_m,unosat_affected_trimline_p75_m,unosat_affected_width_m,unosat_floodextent_cells,unosat_floodextent_trimline_m,unosat_floodextent_trimline_p25_m,unosat_floodextent_trimline_p75_m,unosat_floodextent_width_m,planet_disturbed_p50_cells,planet_disturbed_p50_trimline_m,planet_disturbed_p50_trimline_p25_m,planet_disturbed_p50_trimline_p75_m,planet_disturbed_p50_width_m
route,0.25,1760.509521484375,334,104.44091796875,69.0247802734375,147.9053955078125,601.2,334,104.44091796875,69.0247802734375,147.9053955078125,601.2,0,,,,0.0
route,0.75,1744.1494140625,185,115.81103515625,38.001220703125,123.5069580078125,333.0,185,115.81103515625,38.001220703125,123.5069580078125,333.0,0,,,,0.0
route,1.25,1746.033447265625,180,88.0062255859375,45.388427734375,101.35986328125,324.0,180,88.0062255859375,45.388427734375,101.35986328125,324.0,0,,,,0.0
route,1.75,1720.6661376953125,137,41.1632080078125,30.0740966796875,128.0125732421875,246.6,137,41.1632080078125,30.0740966796875,128.0125732421875,246.6,0,,,,0.0
route,2.25,1703.6033935546875,122,90.9288330078125,28.0552978515625,163.0999755859375,219.6,122,90.9288330078125,28.0552978515625,163.0999755859375,219.6,31,25.2154541015625,17.180419921875,32.9208984375,55.8
route,2.75,1705.4134521484375,101,20.830078125,9.0902099609375,45.8739013671875,181.8,101,20.830078125,9.0902099609375,45.8739013671875,181.8,12,6.5982666015625,4.0592041015625,9.046630859375,21.6
route,3.25,1686.7757568359375,186,60.0152587890625,50.0003662109375,65.2193603515625,334.8,186,60.0152587890625,50.0003662109375,65.2193603515625,334.8,2,42.3560791015625,41.686279296875,43.0260009765625,3.6
route,3.75,1670.184814453125,166,68.5516357421875,22.700439453125,91.41064453125,298.8,166,68.5516357421875,22.700439453125,91.41064453125,298.8,12,83.47412109375,70.166015625,88.409912109375,21.6
route,4.25,1655.682861328125,110,50.650390625,36.556640625,91.1845703125,198.0,110,50.650390625,36.556640625,91.1845703125,198.0,7,73.874755859375,45.7861328125,92.677001953125,12.6
route,4.75,1625.8797607421875,115,69.3341064453125,56.636962890625,98.229248046875,207.0,115,69.3341064453125,56.636962890625,98.229248046875,207.0,0,,,,0.0
route,5.25,1619.794921875,137,55.71923828125,35.762939453125,97.4775390625,246.6,137,55.71923828125,35.762939453125,97.4775390625,246.6,0,,,,0.0
route,5.75,1630.681884765625,112,80.97998046875,21.9549560546875,99.611572265625,201.6,112,80.97998046875,21.9549560546875,99.611572265625,201.6,0,,,,0.0
route,6.25,1617.7332763671875,89,64.4102783203125,14.529052734375,81.2999267578125,160.2,89,64.4102783203125,14.529052734375,81.2999267578125,160.2,0,,,,0.0
route,6.75,1589.8367919921875,90,49.7701416015625,15.3319091796875,71.7611083984375,162.0,90,49.7701416015625,15.3319091796875,71.7611083984375,162.0,0,,,,0.0
route,7.25,1573.9356689453125,94,57.9884033203125,39.1343994140625,76.09521484375,169.2,94,57.9884033203125,39.1343994140625,76.09521484375,169.2,40,21.7103271484375,10.013916015625,53.7342529296875,72.0
route,7.75,1565.30615234375,86,58.1474609375,40.1348876953125,97.284912109375,154.8,86,58.1474609375,40.1348876953125,97.284912109375,154.8,43,23.12548828125,14.5762939453125,44.273681640625,77.4
route,8.25,1551.8162841796875,105,38.36328125,24.5452880859375,50.6837158203125,189.0,105,38.36328125,24.5452880859375,50.6837158203125,189.0,79,41.6317138671875,11.7691650390625,58.6849365234375,142.2
route,8.75,1542.3651123046875,99,48.4619140625,24.3048095703125,62.5208740234375,178.2,99,48.4619140625,24.3048095703125,62.5208740234375,178.2,25,12.7860107421875,7.9290771484375,48.7103271484375,45.0
route,9.25,1529.173095703125,107,64.00537109375,36.1148681640625,94.979248046875,192.6,106,62.09765625,36.887451171875,88.577880859375,190.8,6,77.3668212890625,71.7266845703125,82.366455078125,10.8
route,9.75,1518.0460205078125,111,48.870849609375,25.0303955078125,85.2005615234375,199.8,110,48.870849609375,25.0303955078125,82.425048828125,198.0,0,,,,0.0
route,10.25,1496.328125,90,38.3408203125,19.126953125,104.8331298828125,162.0,88,38.3408203125,19.126953125,96.98974609375,158.4,0,,,,0.0
route,10.75,1485.73388671875,108,46.15625,29.835205078125,70.9638671875,194.4,106,46.15625,30.876220703125,63.38330078125,190.8,47,24.955322265625,11.7789306640625,51.635986328125,84.6
route,11.25,1476.847412109375,113,66.8480224609375,25.3306884765625,83.150634765625,203.4,112,65.20458984375,25.798828125,76.9876708984375,201.6,38,36.318115234375,12.9677734375,57.416015625,68.4
route,11.75,1467.733642578125,97,53.5938720703125,19.939208984375,90.037353515625,174.6,99,69.091064453125,21.1820068359375,90.592041015625,178.2,34,14.06982421875,5.921630859375,46.5115966796875,61.2
route,12.25,1459.065673828125,173,57.638916015625,43.382080078125,80.9287109375,311.4,175,57.881103515625,43.382080078125,80.9287109375,315.0,85,38.900146484375,10.304443359375,55.81884765625,153.0
route,12.75,1438.2777099609375,106,66.037353515625,29.55029296875,91.331787109375,190.8,107,66.037353515625,29.55029296875,91.331787109375,192.6,12,56.9942626953125,34.3876953125,73.288818359375,21.6
route,13.25,1427.607177734375,81,79.3681640625,11.82177734375,87.7388916015625,145.8,82,70.6923828125,12.894775390625,87.7388916015625,147.6,0,,,,0.0
route,13.75,1438.9041748046875,113,42.931396484375,14.2071533203125,62.59814453125,203.4,113,42.931396484375,14.2071533203125,62.53076171875,203.4,0,,,,0.0
route,14.25,1417.6226806640625,211,63.5667724609375,49.6474609375,90.1219482421875,379.8,212,65.449462890625,51.4576416015625,89.3349609375,381.6,0,,,,0.0
route,14.75,1408.29736328125,147,65.5157470703125,49.8392333984375,75.556640625,264.6,147,65.5157470703125,49.971923828125,71.257568359375,264.6,50,23.585693359375,17.843994140625,41.169677734375,90.0
route,15.25,1398.6502685546875,126,83.2318115234375,55.384765625,183.2542724609375,226.8,127,83.2318115234375,55.384765625,183.2542724609375,228.6,54,27.1904296875,15.2247314453125,50.8077392578125,97.2
route,15.75,1386.771484375,97,52.1710205078125,23.249755859375,78.5850830078125,174.6,98,52.1710205078125,24.0152587890625,78.5850830078125,176.4,49,22.53466796875,10.896484375,41.3121337890625,88.2
route,16.25,1376.7396240234375,95,57.6646728515625,25.179931640625,71.89013671875,171.0,91,52.18798828125,25.179931640625,71.51123046875,163.8,56,30.9686279296875,9.923828125,52.9549560546875,100.8
route,16.75,1362.7308349609375,100,35.1854248046875,10.510986328125,76.8328857421875,180.0,100,43.2535400390625,11.5682373046875,73.0223388671875,180.0,13,16.223388671875,11.9481201171875,30.0140380859375,23.4
route,17.25,1349.28857421875,103,54.5794677734375,27.899658203125,69.1346435546875,185.4,102,61.45458984375,29.3394775390625,68.1875,183.6,0,,,,0.0
route,17.75,1342.5260009765625,115,57.417724609375,37.7999267578125,97.3709716796875,207.0,114,54.20947265625,37.7999267578125,97.3709716796875,205.2,0,,,,0.0
route,18.25,1335.5830078125,77,59.57373046875,42.9794921875,136.6983642578125,138.6,78,59.57373046875,42.9794921875,136.6983642578125,140.4,0,,,,0.0
route,18.75,1328.418212890625,114,66.2376708984375,36.4765625,95.7452392578125,205.2,115,63.05224609375,37.7164306640625,95.1805419921875,207.0,0,,,,0.0
route,19.25,1325.6485595703125,97,63.729736328125,7.434326171875,84.3455810546875,174.6,98,54.375244140625,7.8790283203125,84.3126220703125,176.4,0,,,,0.0
route,19.75,1320.7437744140625,87,50.7027587890625,6.5452880859375,109.7088623046875,156.6,86,50.7027587890625,6.5452880859375,109.7088623046875,154.8,0,,,,0.0
route,20.25,1290.58935546875,115,42.740966796875,30.257568359375,188.6490478515625,207.0,115,42.740966796875,30.257568359375,188.6490478515625,207.0,0,,,,0.0
route,20.75,1262.199951171875,72,51.8128662109375,20.47998046875,138.12939453125,129.6,73,52.25732421875,24.8397216796875,132.916259765625,131.4,0,,,,0.0
route,21.25,1244.4617919921875,91,24.10986328125,9.8311767578125,69.81396484375,163.8,90,25.0223388671875,10.8446044921875,67.38623046875,162.0,0,,,,0.0
route,21.75,1243.4945068359375,79,52.7755126953125,9.6898193359375,65.2740478515625,142.2,79,52.7755126953125,9.6898193359375,65.2740478515625,142.2,0,,,,0.0
route,22.25,1244.012939453125,83,44.59912109375,18.6368408203125,82.4840087890625,149.4,83,44.59912109375,18.6368408203125,82.4840087890625,149.4,0,,,,0.0
route,22.75,1218.2364501953125,104,39.2603759765625,32.725830078125,66.371826171875,187.2,104,40.175048828125,36.192138671875,66.7899169921875,187.2,0,,,,0.0
route,23.25,1212.9317626953125,117,67.1287841796875,44.5120849609375,79.8018798828125,210.6,120,67.6502685546875,47.5841064453125,80.3896484375,216.0,0,,,,0.0
route,23.75,1195.92724609375,156,72.4195556640625,56.4609375,85.38037109375,280.8,154,71.855712890625,60.265380859375,85.364990234375,277.2,0,,,,0.0
route,24.25,1186.243408203125,94,39.6019287109375,26.251220703125,68.005615234375,169.2,92,42.874755859375,26.279296875,67.5250244140625,165.6,0,,,,0.0
route,24.75,1170.0989990234375,97,68.5972900390625,36.7039794921875,78.5889892578125,174.6,96,64.8175048828125,37.62646484375,78.357421875,172.8,0,,,,0.0
route,25.25,1151.1519775390625,87,64.3543701171875,32.3685302734375,106.0771484375,156.6,87,64.3543701171875,32.3685302734375,106.0771484375,156.6,0,,,,0.0
route,25.75,1139.639404296875,90,64.201416015625,51.873291015625,83.171142578125,162.0,90,64.201416015625,51.873291015625,83.171142578125,162.0,0,,,,0.0
route,26.25,1112.364501953125,86,41.631591796875,29.9317626953125,51.9471435546875,154.8,86,41.631591796875,29.9317626953125,51.9471435546875,154.8,0,,,,0.0
route,26.75,1091.119384765625,93,51.89794921875,40.14306640625,64.9346923828125,167.4,93,51.89794921875,40.14306640625,64.9346923828125,167.4,0,,,,0.0
route,27.25,1071.752685546875,95,44.175048828125,32.2457275390625,61.38330078125,171.0,94,44.175048828125,29.322265625,61.38330078125,169.2,0,,,,0.0
route,27.75,1057.98828125,85,33.328857421875,26.396240234375,42.5634765625,153.0,85,33.328857421875,26.396240234375,42.5634765625,153.0,0,,,,0.0
route,28.25,1048.9188232421875,91,42.50927734375,32.374267578125,51.3023681640625,163.8,91,42.50927734375,32.374267578125,51.3023681640625,163.8,0,,,,0.0
route,28.75,1037.7872314453125,110,38.740478515625,23.1690673828125,45.724609375,198.0,110,38.740478515625,23.1690673828125,45.724609375,198.0,0,,,,0.0
route,29.25,1016.7357177734375,90,45.50048828125,41.0784912109375,59.3302001953125,162.0,89,44.627197265625,41.068359375,59.5604248046875,160.2,0,,,,0.0
route,29.75,1003.4814453125,138,50.987060546875,42.849609375,64.970703125,248.4,137,48.94677734375,40.9390869140625,64.06201171875,246.6,0,,,,0.0
route,30.25,998.8135986328125,134,36.259521484375,28.6722412109375,48.1885986328125,241.2,134,36.259521484375,28.6722412109375,48.1885986328125,241.2,0,,,,0.0
route,30.75,968.1143188476562,106,46.88885498046875,35.72174072265625,56.94476318359375,190.8,106,46.88885498046875,35.72174072265625,56.94476318359375,190.8,0,,,,0.0
route,31.25,947.429443359375,107,55.57562255859375,41.77581787109375,68.19317626953125,192.6,106,55.57562255859375,41.77581787109375,68.19317626953125,190.8,0,,,,0.0
route,31.75,920.4520874023438,129,60.37127685546875,18.35797119140625,106.43707275390625,232.2,128,60.37127685546875,18.35797119140625,103.89117431640625,230.4,0,,,,0.0
route,32.25,902.8546752929688,141,30.160888671875,25.09161376953125,37.04449462890625,253.8,141,30.160888671875,25.09161376953125,37.04449462890625,253.8,0,,,,0.0
route,32.75,886.702392578125,96,46.0621337890625,24.67578125,69.416015625,172.8,96,46.0621337890625,24.67578125,69.416015625,172.8,0,,,,0.0
route,33.25,850.5828857421875,99,46.623779296875,14.67694091796875,64.6331787109375,178.2,99,46.623779296875,14.67694091796875,64.6331787109375,178.2,0,,,,0.0
route,33.75,828.1574096679688,90,40.1649169921875,22.77581787109375,88.62359619140625,162.0,90,40.1649169921875,22.77581787109375,88.62359619140625,162.0,0,,,,0.0
route,34.25,832.0404052734375,73,33.156494140625,5.71502685546875,54.43463134765625,131.4,73,33.156494140625,5.71502685546875,54.43463134765625,131.4,0,,,,0.0
route,34.75,828.1126708984375,103,40.13214111328125,10.9365234375,46.74530029296875,185.4,103,40.13214111328125,10.9365234375,46.74530029296875,185.4,0,,,,0.0
route,35.25,812.8176879882812,101,18.6494140625,9.40863037109375,39.16412353515625,181.8,101,18.6494140625,9.40863037109375,39.16412353515625,181.8,0,,,,0.0
route,35.75,799.1486206054688,80,19.85223388671875,16.98931884765625,27.38812255859375,144.0,80,19.85223388671875,16.98931884765625,27.38812255859375,144.0,0,,,,0.0
route,36.25,788.7538452148438,83,37.9451904296875,16.01263427734375,50.65185546875,149.4,82,36.74981689453125,16.4298095703125,48.66656494140625,147.6,0,,,,0.0
route,36.75,772.6570434570312,92,23.11468505859375,17.53863525390625,29.71478271484375,165.6,92,23.11468505859375,17.53863525390625,29.71478271484375,165.6,0,,,,0.0
route,37.25,759.37158203125,125,37.16552734375,26.5491943359375,49.0989990234375,225.0,125,37.16552734375,26.5491943359375,49.0989990234375,225.0,0,,,,0.0
route,37.75,753.6280517578125,136,34.1756591796875,28.471435546875,41.1107177734375,244.8,136,34.1756591796875,28.471435546875,41.1107177734375,244.8,0,,,,0.0
route,38.25,738.676025390625,144,57.4290771484375,34.29034423828125,80.94189453125,259.2,144,57.4290771484375,34.29034423828125,80.94189453125,259.2,0,,,,0.0
route,38.75,724.7821655273438,167,37.29986572265625,31.3648681640625,46.06903076171875,300.6,167,37.29986572265625,31.3648681640625,46.06903076171875,300.6,0,,,,0.0
route,39.25,715.4588012695312,236,41.2958984375,31.9095458984375,52.524169921875,424.8,236,41.2958984375,31.9095458984375,52.524169921875,424.8,0,,,,0.0
route,39.75,701.6984252929688,162,82.39349365234375,46.95086669921875,98.62738037109375,291.6,162,82.39349365234375,46.95086669921875,98.62738037109375,291.6,0,,,,0.0
route,40.25,686.45947265625,122,26.71954345703125,20.900634765625,34.62762451171875,219.6,122,26.71954345703125,20.900634765625,34.62762451171875,219.6,0,,,,0.0
route,40.75,671.9422607421875,190,29.3709716796875,14.83062744140625,41.9881591796875,342.0,190,29.3709716796875,14.83062744140625,41.9881591796875,342.0,0,,,,0.0
route,41.25,664.3294677734375,164,30.32586669921875,17.39190673828125,37.13421630859375,295.2,164,30.32586669921875,17.39190673828125,37.13421630859375,295.2,0,,,,0.0
route,41.75,654.1137084960938,175,33.95733642578125,24.8138427734375,35.27935791015625,315.0,174,31.62042236328125,24.8138427734375,34.9495849609375,313.2,0,,,,0.0
route,42.25,644.6787719726562,146,41.7342529296875,24.876220703125,48.35968017578125,262.8,146,41.7342529296875,24.876220703125,48.35968017578125,262.8,0,,,,0.0
route,42.75,634.3499755859375,139,42.0950927734375,27.72247314453125,48.6817626953125,250.2,139,42.0950927734375,27.72247314453125,48.6817626953125,250.2,0,,,,0.0
route,43.25,627.8441162109375,163,37.2967529296875,29.8115234375,45.75811767578125,293.4,163,37.2967529296875,29.8115234375,45.75811767578125,293.4,0,,,,0.0
route,43.75,620.4027099609375,152,33.66961669921875,28.0048828125,38.24859619140625,273.6,152,33.66961669921875,28.0048828125,38.24859619140625,273.6,0,,,,0.0
route,44.25,612.71044921875,254,39.199462890625,21.0322265625,53.3685302734375,457.2,254,39.199462890625,21.0322265625,53.3685302734375,457.2,0,,,,0.0
route,44.75,605.512939453125,144,32.12603759765625,27.4678955078125,39.079345703125,259.2,144,32.12603759765625,27.4678955078125,39.079345703125,259.2,0,,,,0.0
route,45.25,600.8278198242188,283,22.2843017578125,19.41107177734375,28.28851318359375,509.4,283,22.2843017578125,19.41107177734375,28.28851318359375,509.4,0,,,,0.0
route,45.75,595.2044067382812,215,42.10723876953125,31.43865966796875,48.32733154296875,387.0,215,41.9676513671875,28.73541259765625,48.16070556640625,387.0,0,,,,0.0
route,46.25,587.3078002929688,188,30.57525634765625,27.49517822265625,34.93463134765625,338.4,186,29.02655029296875,26.75933837890625,34.30645751953125,334.8,0,,,,0.0
route,46.75,583.422607421875,188,25.762939453125,20.76055908203125,35.0316162109375,338.4,188,25.762939453125,20.76055908203125,35.0316162109375,338.4,0,,,,0.0
route,47.25,574.01220703125,234,30.0478515625,27.751220703125,31.63055419921875,421.2,233,29.14776611328125,26.80908203125,31.49835205078125,419.4,0,,,,0.0
route,47.75,568.9781494140625,158,30.987060546875,20.900146484375,35.4283447265625,284.4,157,30.931396484375,20.900146484375,34.79718017578125,282.6,0,,,,0.0
route,48.25,563.9838256835938,176,46.6163330078125,24.68310546875,60.28643798828125,316.8,175,46.338134765625,24.68310546875,57.86077880859375,315.0,0,,,,0.0
route,48.75,559.2513427734375,126,27.068603515625,19.36553955078125,32.4871826171875,226.8,126,27.068603515625,19.36553955078125,32.4871826171875,226.8,0,,,,0.0
route,49.25,556.7277221679688,147,27.30535888671875,22.5728759765625,31.66131591796875,264.6,147,27.30535888671875,22.5728759765625,31.66131591796875,264.6,0,,,,0.0
route,49.75,552.3974609375,141,25.0462646484375,16.9959716796875,26.190673828125,253.8,141,25.0462646484375,16.9959716796875,26.190673828125,253.8,0,,,,0.0
route,50.25,544.8118896484375,172,27.010986328125,20.84222412109375,29.2174072265625,309.6,172,27.010986328125,20.84222412109375,29.2174072265625,309.6,0,,,,0.0
route,50.75,542.7884521484375,96,13.861572265625,11.616943359375,17.2906494140625,172.8,96,13.861572265625,11.616943359375,17.2906494140625,172.8,0,,,,0.0
route,51.25,540.4727172851562,140,14.80816650390625,11.89971923828125,32.88427734375,252.0,140,14.80816650390625,11.89971923828125,32.88427734375,252.0,0,,,,0.0
route,51.75,531.5372314453125,141,22.59710693359375,21.1431884765625,23.7952880859375,253.8,141,22.59710693359375,21.1431884765625,23.7952880859375,253.8,0,,,,0.0
route,52.25,524.9314575195312,179,27.43328857421875,24.85784912109375,29.0487060546875,322.2,179,27.43328857421875,24.85784912109375,29.0487060546875,322.2,0,,,,0.0
route,52.75,519.01611328125,131,26.519287109375,19.297119140625,32.73712158203125,235.8,131,26.519287109375,19.297119140625,32.73712158203125,235.8,0,,,,0.0
route,53.25,518.0076904296875,138,47.6048583984375,29.61456298828125,54.67230224609375,248.4,138,47.6048583984375,29.61456298828125,54.67230224609375,248.4,0,,,,0.0
route,53.75,513.6322021484375,171,40.90606689453125,34.43463134765625,51.57293701171875,307.8,171,40.90606689453125,34.43463134765625,51.57293701171875,307.8,0,,,,0.0
route,54.25,510.2809753417969,152,19.326202392578125,16.001129150390625,36.958038330078125,273.6,151,19.309600830078125,15.994476318359375,37.597564697265625,271.8,0,,,,0.0
route,54.75,506.835693359375,245,38.28216552734375,24.585205078125,48.66644287109375,441.0,245,37.895751953125,24.50335693359375,48.62982177734375,441.0,0,,,,0.0
route,55.25,504.59564208984375,95,27.68988037109375,18.47137451171875,32.74951171875,171.0,95,27.68988037109375,18.47137451171875,32.74951171875,171.0,0,,,,0.0
route,55.75,500.69927978515625,135,24.92108154296875,23.027587890625,32.05450439453125,243.0,135,24.92108154296875,23.027587890625,32.05450439453125,243.0,0,,,,0.0
route,56.25,497.1657409667969,185,24.537017822265625,22.729034423828125,32.263336181640625,333.0,185,24.537017822265625,22.729034423828125,32.263336181640625,333.0,0,,,,0.0
route,56.75,493.4424743652344,152,28.705230712890625,24.222686767578125,37.521759033203125,273.6,152,28.705230712890625,24.222686767578125,37.521759033203125,273.6,0,,,,0.0
route,57.25,492.0613708496094,142,25.128204345703125,21.608062744140625,29.503997802734375,255.6,142,25.128204345703125,21.608062744140625,29.503997802734375,255.6,0,,,,0.0
route,57.75,487.9946594238281,151,23.823150634765625,19.21905517578125,28.981597900390625,271.8,151,23.823150634765625,19.21905517578125,28.981597900390625,271.8,0,,,,0.0
route,58.25,485.7364196777344,175,26.835601806640625,23.957366943359375,30.236297607421875,315.0,175,26.835601806640625,23.957366943359375,30.236297607421875,315.0,0,,,,0.0
route,58.75,479.4710388183594,136,25.928314208984375,21.479095458984375,29.93603515625,244.8,135,25.928314208984375,20.605804443359375,29.93603515625,243.0,0,,,,0.0
route,59.25,477.5275573730469,146,21.250091552734375,20.291290283203125,22.653411865234375,262.8,146,21.250091552734375,20.291290283203125,22.653411865234375,262.8,0,,,,0.0
route,59.75,475.9033203125,169,19.904327392578125,14.8179931640625,22.910919189453125,304.2,169,19.904327392578125,14.8179931640625,22.910919189453125,304.2,0,,,,0.0
route,60.25,473.6246337890625,153,21.00933837890625,18.743621826171875,25.282684326171875,275.4,153,21.00933837890625,18.743621826171875,25.282684326171875,275.4,0,,,,0.0
route,60.75,470.7174987792969,179,25.909698486328125,23.082763671875,30.74517822265625,322.2,179,25.909698486328125,23.082763671875,30.74517822265625,322.2,0,,,,0.0
route,61.25,467.5257263183594,205,19.070770263671875,16.976593017578125,20.083831787109375,369.0,201,17.848388671875,16.620269775390625,19.749908447265625,361.8,0,,,,0.0
route,61.75,464.20404052734375,234,18.86273193359375,16.444122314453125,21.39288330078125,421.2,235,18.86273193359375,16.444122314453125,21.640289306640625,423.0,0,,,,0.0
route,62.25,461.6606140136719,133,16.687835693359375,14.3057861328125,18.359039306640625,239.4,133,16.687835693359375,14.3057861328125,18.359039306640625,239.4,0,,,,0.0
route,62.75,459.5021667480469,174,22.201934814453125,15.842529296875,24.138397216796875,313.2,171,20.184356689453125,15.842529296875,23.830535888671875,307.8,0,,,,0.0
route,63.25,458.0,218,15.16156005859375,12.19256591796875,18.093841552734375,392.4,218,15.16156005859375,12.11737060546875,18.42578125,392.4,0,,,,0.0
route,63.75,455.20867919921875,100,13.816497802734375,9.28265380859375,15.971466064453125,180.0,100,13.816497802734375,9.28265380859375,15.971466064453125,180.0,0,,,,0.0
route,64.25,452.8844909667969,122,15.142730712890625,10.8426513671875,17.459442138671875,219.6,122,15.142730712890625,10.8426513671875,17.459442138671875,219.6,0,,,,0.0
route,64.75,450.5,219,17.74114990234375,16.38885498046875,19.35748291015625,394.2,219,17.74114990234375,16.38885498046875,19.35748291015625,394.2,0,,,,0.0
route,65.25,448.58990478515625,212,17.790618896484375,11.463897705078125,18.87286376953125,381.6,212,17.790618896484375,11.463897705078125,18.87286376953125,381.6,0,,,,0.0
route,65.75,447.0,218,18.529022216796875,16.646820068359375,24.495269775390625,392.4,218,18.823822021484375,16.8052978515625,24.29833984375,392.4,0,,,,0.0
route,66.25,445.0,160,15.13970947265625,11.901824951171875,20.131011962890625,288.0,161,15.28289794921875,12.018341064453125,20.095306396484375,289.8,0,,,,0.0
route,66.75,443.0461120605469,154,16.525970458984375,7.917388916015625,24.919403076171875,277.2,154,16.525970458984375,7.917388916015625,24.919403076171875,277.2,0,,,,0.0
route,67.25,441.3961486816406,151,16.17333984375,12.178466796875,18.90264892578125,271.8,151,16.17333984375,12.178466796875,18.90264892578125,271.8,0,,,,0.0
route,67.75,439.5,322,16.297027587890625,14.3756103515625,20.80517578125,579.6,322,16.297027587890625,14.3756103515625,20.80517578125,579.6,0,,,,0.0
route,68.25,437.50152587890625,306,15.00482177734375,13.363067626953125,15.520111083984375,550.8,305,15.065093994140625,13.6446533203125,15.53936767578125,549.0,0,,,,0.0
route,68.75,435.4547424316406,145,12.1986083984375,9.606475830078125,13.469940185546875,261.0,144,12.188690185546875,9.68011474609375,13.648193359375,259.2,0,,,,0.0
route,69.25,433.5391845703125,152,9.39599609375,7.4859619140625,11.85662841796875,273.6,151,9.39599609375,7.156494140625,11.85662841796875,271.8,0,,,,0.0
route,69.75,431.9327697753906,196,14.93280029296875,8.418182373046875,21.632110595703125,352.8,191,12.064788818359375,7.734344482421875,19.332977294921875,343.8,0,,,,0.0
route,70.25,430.06103515625,226,14.471649169921875,10.58282470703125,17.355499267578125,406.8,225,13.63543701171875,10.467010498046875,17.342132568359375,405.0,0,,,,0.0
route,70.75,428.5,273,14.493927001953125,11.95025634765625,15.47454833984375,491.4,270,14.5087890625,11.968353271484375,15.44818115234375,486.0,0,,,,0.0
route,71.25,426.5,169,17.274871826171875,11.526123046875,21.01898193359375,304.2,171,18.473236083984375,11.54595947265625,22.29742431640625,307.8,0,,,,0.0
route,71.75,425.0,164,16.54327392578125,12.65692138671875,22.112091064453125,295.2,156,14.873687744140625,11.649566650390625,18.565460205078125,280.8,0,,,,0.0
route,72.25,422.6515197753906,142,14.372772216796875,11.26336669921875,18.524932861328125,255.6,140,13.238006591796875,10.006927490234375,18.28753662109375,252.0,0,,,,0.0
route,72.75,420.6612854003906,144,10.690460205078125,6.521270751953125,14.97613525390625,259.2,144,10.690460205078125,6.521270751953125,14.97613525390625,259.2,0,,,,0.0
route,73.25,419.3241271972656,137,9.685455322265625,6.56597900390625,12.70684814453125,246.6,131,9.003265380859375,6.4130859375,11.100921630859375,235.8,0,,,,0.0
route,73.75,416.1004943847656,176,14.7100830078125,10.777099609375,17.0892333984375,316.8,173,13.6884765625,10.800567626953125,16.191436767578125,311.4,0,,,,0.0
route,74.25,414.66156005859375,136,18.73699951171875,15.52081298828125,21.97088623046875,244.8,140,21.493377685546875,16.6884765625,30.31524658203125,252.0,0,,,,0.0
route,74.75,412.5216064453125,177,18.847991943359375,11.515716552734375,23.4578857421875,318.6,176,18.847991943359375,11.515716552734375,23.4578857421875,316.8,0,,,,0.0
route,75.25,412.0,155,18.971221923828125,15.38720703125,23.53509521484375,279.0,153,18.3502197265625,14.235107421875,21.8145751953125,275.4,0,,,,0.0
route,75.75,411.0421142578125,161,11.1571044921875,8.529632568359375,19.0870361328125,289.8,159,10.84747314453125,8.38995361328125,17.668365478515625,286.2,0,,,,0.0
route,76.25,410.0451965332031,180,11.39630126953125,8.229644775390625,13.221160888671875,324.0,179,10.79705810546875,8.17254638671875,13.176513671875,322.2,0,,,,0.0
route,76.75,409.5,173,12.645355224609375,8.920684814453125,16.08349609375,311.4,171,12.02459716796875,7.082763671875,15.637939453125,307.8,0,,,,0.0
route,77.25,409.0889587402344,94,7.78399658203125,4.988189697265625,12.19195556640625,169.2,88,6.376190185546875,4.02215576171875,11.080291748046875,158.4,0,,,,0.0
route,77.75,408.5,67,5.05499267578125,1.05078125,16.610137939453125,120.6,33,6.09735107421875,2.475677490234375,17.270904541015625,59.4,0,,,,0.0
route,78.25,408.0,101,9.533905029296875,4.685150146484375,14.108154296875,181.8,0,,,,0.0,0,,,,0.0
route,78.75,407.5,82,16.81109619140625,9.99066162109375,21.321380615234375,147.6,0,,,,0.0,0,,,,0.0
route,79.25,407.0,79,5.406524658203125,1.8988037109375,12.42755126953125,142.2,0,,,,0.0,0,,,,0.0
route,79.75,406.33154296875,87,4.732513427734375,2.420440673828125,6.9927978515625,156.6,0,,,,0.0,0,,,,0.0
route,80.25,403.0341796875,90,8.7633056640625,7.02252197265625,10.813568115234375,162.0,0,,,,0.0,0,,,,0.0
route,80.75,399.4020080566406,81,14.31719970703125,10.196868896484375,20.785369873046875,145.8,0,,,,0.0,0,,,,0.0
route,81.25,396.5794982910156,83,13.744781494140625,2.612548828125,20.58038330078125,149.4,0,,,,0.0,0,,,,0.0
route,81.75,395.5757751464844,67,5.82525634765625,2.702545166015625,9.661407470703125,120.6,0,,,,0.0,0,,,,0.0
route,82.25,394.14251708984375,62,9.199920654296875,4.491363525390625,12.5147705078125,111.6,0,,,,0.0,0,,,,0.0
route,82.75,393.10626220703125,70,4.4967041015625,2.259490966796875,8.850982666015625,126.0,0,,,,0.0,0,,,,0.0
route,83.25,391.6014404296875,70,9.849700927734375,3.9918212890625,17.239013671875,126.0,0,,,,0.0,0,,,,0.0
route,83.75,390.5,52,4.91937255859375,0.70281982421875,18.82763671875,93.6,0,,,,0.0,0,,,,0.0
route,84.25,389.2602233886719,84,7.151580810546875,4.117462158203125,12.211334228515625,151.2,0,,,,0.0,0,,,,0.0
route,84.75,388.0365295410156,75,7.66790771484375,3.15203857421875,14.898773193359375,135.0,0,,,,0.0,0,,,,0.0
route,85.25,387.15093994140625,106,14.380157470703125,9.1375732421875,19.062255859375,190.8,0,,,,0.0,0,,,,0.0
route,85.75,385.14166259765625,88,8.726898193359375,6.637176513671875,10.94927978515625,158.4,0,,,,0.0,0,,,,0.0
route,86.25,383.9768981933594,109,8.760833740234375,6.3458251953125,11.546478271484375,196.2,0,,,,0.0,0,,,,0.0
route,86.75,382.581787109375,159,11.190093994140625,8.862091064453125,13.195098876953125,286.2,0,,,,0.0,0,,,,0.0
route,87.25,381.2191162109375,148,11.9000244140625,9.597320556640625,14.538818359375,266.4,0,,,,0.0,0,,,,0.0
route,87.75,380.8627014160156,147,15.869781494140625,8.317169189453125,20.415252685546875,264.6,0,,,,0.0,0,,,,0.0
route,88.25,377.5545349121094,84,10.816986083984375,7.173431396484375,21.808929443359375,151.2,0,,,,0.0,0,,,,0.0
route,88.75,376.58856201171875,72,9.91522216796875,5.345458984375,12.4732666015625,129.6,0,,,,0.0,0,,,,0.0
route,89.25,375.5,69,5.71502685546875,3.11651611328125,11.514556884765625,124.2,0,,,,0.0,0,,,,0.0
route,89.75,373.9949645996094,82,11.163238525390625,8.576141357421875,16.072967529296875,147.6,0,,,,0.0,0,,,,0.0
route,90.25,372.02301025390625,96,6.004913330078125,2.67974853515625,11.396575927734375,172.8,0,,,,0.0,0,,,,0.0
route,90.75,370.19464111328125,94,9.776885986328125,5.044342041015625,12.117645263671875,169.2,0,,,,0.0,0,,,,0.0
route,91.25,368.4028625488281,69,10.439849853515625,8.66265869140625,12.449188232421875,124.2,0,,,,0.0,0,,,,0.0
route,91.75,367.59234619140625,68,10.9271240234375,4.7613525390625,18.312896728515625,122.4,0,,,,0.0,0,,,,0.0
route,92.25,366.90960693359375,69,7.477386474609375,2.059722900390625,12.018707275390625,124.2,0,,,,0.0,0,,,,0.0
route,92.75,366.0,81,1.40936279296875,0.6611328125,4.13311767578125,145.8,0,,,,0.0,0,,,,0.0
route,93.25,365.29583740234375,73,4.768310546875,0.21795654296875,7.5367431640625,131.4,0,,,,0.0,0,,,,0.0
route,93.75,364.5,86,6.034393310546875,4.30340576171875,10.69500732421875,154.8,0,,,,0.0,0,,,,0.0
route,94.25,363.80572509765625,76,5.2674560546875,3.47265625,13.204193115234375,136.8,0,,,,0.0,0,,,,0.0
route,94.75,363.0,74,4.05059814453125,2.621246337890625,10.265960693359375,133.2,0,,,,0.0,0,,,,0.0
route,95.25,363.0,80,4.0860595703125,2.02777099609375,8.029388427734375,144.0,0,,,,0.0,0,,,,0.0
route,95.75,363.0,68,2.64544677734375,1.39276123046875,5.4931640625,122.4,0,,,,0.0,0,,,,0.0
route,96.25,360.8699035644531,77,14.909027099609375,3.596832275390625,21.30584716796875,138.6,0,,,,0.0,0,,,,0.0
route,96.75,357.7940368652344,59,6.274993896484375,4.426788330078125,9.77569580078125,106.2,0,,,,0.0,0,,,,0.0
route,97.25,356.0,70,8.5137939453125,4.5440673828125,15.28436279296875,126.0,0,,,,0.0,0,,,,0.0
route,97.75,354.9538879394531,83,9.302520751953125,6.067291259765625,14.1964111328125,149.4,0,,,,0.0,0,,,,0.0
route,98.25,351.5,81,6.53045654296875,1.360565185546875,9.426513671875,145.8,0,,,,0.0,0,,,,0.0
route,98.75,350.53045654296875,58,7.07403564453125,1.68780517578125,19.787445068359375,104.4,0,,,,0.0,0,,,,0.0
route,99.25,350.5,60,2.31060791015625,1.43853759765625,3.951812744140625,108.0,0,,,,0.0,0,,,,0.0
route,99.75,350.0,44,2.9300537109375,0.51715087890625,3.904510498046875,79.2,0,,,,0.0,0,,,,0.0
route,100.25,350.0,64,9.361297607421875,5.68096923828125,16.4801025390625,115.2,0,,,,0.0,0,,,,0.0
route,100.75,349.5,75,8.948486328125,3.90032958984375,13.129669189453125,135.0,0,,,,0.0,0,,,,0.0
route,101.25,348.5,70,6.97735595703125,4.19781494140625,15.019775390625,126.0,0,,,,0.0,0,,,,0.0
route,101.75,347.5101318359375,62,17.152130126953125,0.7593994140625,38.223175048828125,111.6,0,,,,0.0,0,,,,0.0
route,102.25,347.51397705078125,69,9.65582275390625,2.775238037109375,23.91156005859375,124.2,0,,,,0.0,0,,,,0.0
route,102.75,344.91961669921875,84,6.006439208984375,2.69415283203125,9.6505126953125,151.2,0,,,,0.0,0,,,,0.0
route,103.25,342.12298583984375,69,7.457275390625,4.610992431640625,22.4647216796875,124.2,0,,,,0.0,0,,,,0.0
route,103.75,339.5,71,5.18359375,3.357757568359375,7.42010498046875,127.8,0,,,,0.0,0,,,,0.0
route,104.25,337.525390625,66,1.999542236328125,1.231201171875,9.86163330078125,118.8,0,,,,0.0,0,,,,0.0
route,104.75,336.5,71,5.7977294921875,2.11181640625,16.58465576171875,127.8,0,,,,0.0,0,,,,0.0
route,105.25,335.08062744140625,70,5.132080078125,2.459197998046875,11.890869140625,126.0,0,,,,0.0,0,,,,0.0
route,105.75,333.13116455078125,62,2.80755615234375,1.767242431640625,5.104644775390625,111.6,0,,,,0.0,0,,,,0.0
route,106.25,332.4253234863281,61,6.83544921875,2.2418212890625,15.891448974609375,109.8,0,,,,0.0,0,,,,0.0
route,106.75,330.2890930175781,56,4.182952880859375,2.358489990234375,6.43963623046875,100.8,0,,,,0.0,0,,,,0.0
route,107.25,329.6095886230469,50,3.712066650390625,1.842926025390625,4.9757080078125,90.0,0,,,,0.0,0,,,,0.0
route,107.75,327.8707580566406,64,2.588958740234375,1.79852294921875,3.703521728515625,115.2,0,,,,0.0,0,,,,0.0
route,108.25,323.61712646484375,49,4.99835205078125,3.64141845703125,8.505828857421875,88.2,0,,,,0.0,0,,,,0.0
route,108.75,320.23394775390625,46,3.54449462890625,2.41314697265625,4.815673828125,82.8,0,,,,0.0,0,,,,0.0
route,109.25,318.5,49,3.4266357421875,2.6368408203125,5.9246826171875,88.2,0,,,,0.0,0,,,,0.0
route,109.75,317.0883483886719,51,5.96728515625,1.721588134765625,7.4420166015625,91.8,0,,,,0.0,0,,,,0.0
route,110.25,312.8416748046875,135,11.888519287109375,8.540283203125,14.781494140625,243.0,0,,,,0.0,0,,,,0.0
route,110.75,314.0,89,8.522705078125,6.195068359375,9.36761474609375,160.2,0,,,,0.0,0,,,,0.0
route,111.25,314.0,75,4.427978515625,3.03265380859375,8.2216796875,135.0,0,,,,0.0,0,,,,0.0
route,111.75,307.17523193359375,87,15.025299072265625,11.448516845703125,17.72918701171875,156.6,0,,,,0.0,0,,,,0.0
route,112.25,310.9630432128906,66,10.219024658203125,6.70977783203125,17.98992919921875,118.8,0,,,,0.0,0,,,,0.0
route,112.75,311.5,79,5.64593505859375,3.343994140625,8.4794921875,142.2,0,,,,0.0,0,,,,0.0
route,113.25,309.6037292480469,86,6.779205322265625,4.192535400390625,8.412811279296875,154.8,0,,,,0.0,0,,,,0.0
route,113.75,308.6571350097656,96,4.091796875,2.59442138671875,6.721710205078125,172.8,0,,,,0.0,0,,,,0.0
route,114.25,308.1045227050781,76,2.389404296875,1.318145751953125,11.864044189453125,136.8,0,,,,0.0,0,,,,0.0
route,114.75,304.914306640625,77,18.52398681640625,1.57379150390625,43.107086181640625,138.6,0,,,,0.0,0,,,,0.0
route,115.25,304.0,104,7.2818603515625,4.43145751953125,10.65887451171875,187.2,0,,,,0.0,0,,,,0.0
route,115.75,303.5,87,5.72467041015625,4.80914306640625,11.7822265625,156.6,0,,,,0.0,0,,,,0.0
route,116.25,302.5,92,5.166656494140625,3.8172607421875,7.079010009765625,165.6,0,,,,0.0,0,,,,0.0
route,116.75,301.6356201171875,69,4.238800048828125,3.21429443359375,9.62286376953125,124.2,0,,,,0.0,0,,,,0.0
route,117.25,298.0,81,22.4053955078125,5.4749755859375,34.484649658203125,145.8,0,,,,0.0,0,,,,0.0
route,117.75,298.0193176269531,74,28.07598876953125,6.295562744140625,39.66876220703125,133.2,0,,,,0.0,0,,,,0.0
route,118.25,296.989990234375,79,8.5733642578125,4.44671630859375,18.3358154296875,142.2,0,,,,0.0,0,,,,0.0
route,118.75,295.5,64,4.968902587890625,2.09771728515625,24.9442138671875,115.2,0,,,,0.0,0,,,,0.0
route,119.25,294.5,66,6.125091552734375,2.42388916015625,8.65966796875,118.8,0,,,,0.0,0,,,,0.0
route,119.75,293.6908874511719,55,4.15625,2.407867431640625,5.216522216796875,99.0,0,,,,0.0,0,,,,0.0
route,120.25,293.0,49,2.77593994140625,0.89129638671875,5.17462158203125,88.2,0,,,,0.0,0,,,,0.0
route,120.75,292.0,69,3.0904541015625,0.50946044921875,6.271942138671875,124.2,0,,,,0.0,0,,,,0.0
route,121.25,291.8199768066406,68,5.275604248046875,2.587127685546875,17.863800048828125,122.4,0,,,,0.0,0,,,,0.0
route,121.75,289.0067443847656,74,4.712982177734375,3.013580322265625,7.899932861328125,133.2,0,,,,0.0,0,,,,0.0
route,122.25,285.956787109375,81,8.9295654296875,5.093109130859375,15.819580078125,145.8,0,,,,0.0,0,,,,0.0
route,122.75,285.0341491699219,60,10.44525146484375,8.087249755859375,14.249267578125,108.0,0,,,,0.0,0,,,,0.0
route,123.25,291.0279235839844,49,4.493499755859375,2.5670166015625,11.260223388671875,88.2,0,,,,0.0,0,,,,0.0
route,123.75,284.9895324707031,61,14.6968994140625,11.3018798828125,21.253936767578125,109.8,0,,,,0.0,0,,,,0.0
route,124.25,279.1441955566406,56,17.72662353515625,13.849395751953125,19.838531494140625,100.8,0,,,,0.0,0,,,,0.0
route,124.75,278.4772644042969,56,10.939056396484375,5.933807373046875,16.079376220703125,100.8,0,,,,0.0,0,,,,0.0
route,125.25,280.7236633300781,86,31.3194580078125,12.261871337890625,61.399017333984375,154.8,0,,,,0.0,0,,,,0.0
route,125.75,270.6149597167969,82,24.7115478515625,9.933197021484375,31.37200927734375,147.6,0,,,,0.0,0,,,,0.0
route,126.25,275.6278381347656,73,19.898193359375,10.27435302734375,28.32928466796875,131.4,0,,,,0.0,0,,,,0.0
route,126.75,273.5314025878906,82,16.995269775390625,12.484588623046875,26.343414306640625,147.6,0,,,,0.0,0,,,,0.0
route,127.25,269.0586242675781,56,21.80615234375,14.061798095703125,25.160675048828125,100.8,0,,,,0.0,0,,,,0.0
route,127.75,285.8956298828125,41,5.388336181640625,4.013336181640625,7.52618408203125,73.8,0,,,,0.0,0,,,,0.0
route,128.25,267.95343017578125,64,9.306671142578125,6.327972412109375,18.457733154296875,115.2,0,,,,0.0,0,,,,0.0
route,128.75,267.80194091796875,75,10.4483642578125,7.85211181640625,14.40325927734375,135.0,0,,,,0.0,0,,,,0.0
route,129.25,267.7975769042969,53,10.968719482421875,6.871826171875,17.86285400390625,95.4,0,,,,0.0,0,,,,0.0
route,129.75,259.6265869140625,57,9.645294189453125,7.097076416015625,20.685302734375,102.6,0,,,,0.0,0,,,,0.0
route,130.25,262.18463134765625,47,15.946533203125,9.479156494140625,20.029998779296875,84.6,0,,,,0.0,0,,,,0.0
route,130.75,256.7677001953125,47,15.23065185546875,11.99395751953125,18.5865478515625,84.6,0,,,,0.0,0,,,,0.0
route,131.25,254.2740936279297,55,13.563156127929688,11.717056274414062,23.677108764648438,99.0,0,,,,0.0,0,,,,0.0
route,131.75,259.998291015625,114,11.59698486328125,8.365020751953125,15.138946533203125,205.2,0,,,,0.0,0,,,,0.0
route,132.25,257.720458984375,130,20.98065185546875,14.17657470703125,24.68603515625,234.0,0,,,,0.0,0,,,,0.0
route,132.75,256.0,79,9.00518798828125,5.72503662109375,12.0501708984375,142.2,0,,,,0.0,0,,,,0.0
route,133.25,254.5,72,6.63568115234375,2.21185302734375,10.904937744140625,129.6,0,,,,0.0,0,,,,0.0
route,133.75,254.5,108,4.8138427734375,2.567840576171875,7.0037841796875,194.4,0,,,,0.0,0,,,,0.0
route,134.25,254.0,97,7.6168212890625,5.118804931640625,11.581451416015625,174.6,0,,,,0.0,0,,,,0.0
route,134.75,253.3228302001953,81,2.9546356201171875,0.6771697998046875,6.3049774169921875,145.8,0,,,,0.0,0,,,,0.0
route,135.25,250.3102569580078,147,7.5307769775390625,4.5362548828125,20.116683959960938,264.6,0,,,,0.0,0,,,,0.0
route,135.75,248.0,167,10.361297607421875,7.306549072265625,15.792877197265625,300.6,0,,,,0.0,0,,,,0.0
route,136.25,246.49513244628906,107,7.842041015625,6.997039794921875,10.555130004882812,192.6,0,,,,0.0,0,,,,0.0
route,136.75,244.93309020996094,148,8.998855590820312,5.897216796875,12.195358276367188,266.4,0,,,,0.0,0,,,,0.0
route,137.25,243.45021057128906,110,13.058944702148438,3.4720001220703125,16.538681030273438,198.0,0,,,,0.0,0,,,,0.0
route,137.75,242.5,77,7.319122314453125,4.5265655517578125,11.310150146484375,138.6,0,,,,0.0,0,,,,0.0
route,138.25,241.5,90,9.410842895507812,4.1817169189453125,12.626358032226562,162.0,0,,,,0.0,0,,,,0.0
route,138.75,240.5,90,9.314987182617188,5.158416748046875,20.8505859375,162.0,0,,,,0.0,0,,,,0.0
route,139.25,239.56646728515625,65,8.262969970703125,4.222198486328125,10.83636474609375,117.0,0,,,,0.0,0,,,,0.0
route,139.75,238.5,78,10.266830444335938,6.40081787109375,14.207351684570312,140.4,0,,,,0.0,0,,,,0.0
route,140.25,237.85418701171875,75,9.45135498046875,6.65423583984375,13.597000122070312,135.0,0,,,,0.0,0,,,,0.0
route,140.75,237.67672729492188,48,8.636947631835938,3.851837158203125,14.211761474609375,86.4,0,,,,0.0,0,,,,0.0
route,141.25,237.9401397705078,51,16.018630981445312,8.837265014648438,33.29844665527344,91.8,0,,,,0.0,0,,,,0.0
route,141.75,237.12010192871094,54,17.557357788085938,14.07781982421875,25.821121215820312,97.2,0,,,,0.0,0,,,,0.0
route,142.25,237.0507354736328,55,30.751937866210938,17.323806762695312,39.29835510253906,99.0,0,,,,0.0,0,,,,0.0
route,142.75,233.5,48,6.8344879150390625,2.288299560546875,15.801361083984375,86.4,0,,,,0.0,0,,,,0.0
route,143.25,232.60739135742188,54,9.152053833007812,4.51177978515625,16.363449096679688,97.2,0,,,,0.0,0,,,,0.0
route,143.75,230.87515258789062,47,5.77691650390625,4.375,8.95257568359375,84.6,0,,,,0.0,0,,,,0.0
route,144.25,229.74472045898438,51,7.5562744140625,5.587890625,10.45306396484375,91.8,0,,,,0.0,0,,,,0.0
route,144.75,226.9482421875,127,9.812149047851562,6.461822509765625,12.758010864257812,228.6,0,,,,0.0,0,,,,0.0
route,145.25,226.36907958984375,57,9.104736328125,6.4185638427734375,16.583267211914062,102.6,0,,,,0.0,0,,,,0.0
route,145.75,235.13233947753906,54,29.843948364257812,19.536209106445312,37.80845642089844,97.2,0,,,,0.0,0,,,,0.0
route,146.25,269.06365966796875,45,13.75238037109375,11.3880615234375,17.07696533203125,81.0,0,,,,0.0,0,,,,0.0
route,146.75,228.7405548095703,54,51.32374572753906,29.529220581054688,54.61805725097656,97.2,0,,,,0.0,0,,,,0.0
route,147.25,222.2277374267578,67,14.215255737304688,10.412673950195312,18.485031127929688,120.6,0,,,,0.0,0,,,,0.0
route,147.75,223.8613739013672,68,7.4615020751953125,2.762115478515625,18.947402954101562,122.4,0,,,,0.0,0,,,,0.0
route,148.25,222.18679809570312,66,5.6015167236328125,3.0318603515625,12.284576416015625,118.8,0,,,,0.0,0,,,,0.0
route,148.75,220.49237060546875,80,6.793853759765625,4.919036865234375,10.966445922851562,144.0,0,,,,0.0,0,,,,0.0
route,149.25,220.0,72,6.4791259765625,5.3017578125,9.00103759765625,129.6,0,,,,0.0,0,,,,0.0
route,149.75,219.56918334960938,56,6.7086639404296875,2.4843292236328125,13.512420654296875,100.8,0,,,,0.0,0,,,,0.0
route,150.25,219.5,60,4.3739166259765625,0.1582794189453125,8.56146240234375,108.0,0,,,,0.0,0,,,,0.0
route,150.75,219.0,70,6.228759765625,2.8188629150390625,13.343856811523438,126.0,0,,,,0.0,0,,,,0.0
route,151.25,218.46273803710938,53,14.201950073242188,7.149200439453125,27.913406372070312,95.4,0,,,,0.0,0,,,,0.0
route,151.75,228.85882568359375,68,20.213897705078125,10.483474731445312,25.44476318359375,122.4,0,,,,0.0,0,,,,0.0
route,152.25,221.50149536132812,65,17.51654052734375,13.209304809570312,24.57440185546875,117.0,0,,,,0.0,0,,,,0.0
route,152.75,215.23318481445312,67,8.356369018554688,5.861083984375,14.715179443359375,120.6,0,,,,0.0,0,,,,0.0
route,153.25,214.5,73,8.082504272460938,4.5357513427734375,22.611526489257812,131.4,0,,,,0.0,0,,,,0.0
route,153.75,213.09042358398438,84,7.600677490234375,2.920989990234375,11.091705322265625,151.2,0,,,,0.0,0,,,,0.0
route,154.25,212.5,62,3.996856689453125,2.410308837890625,6.8329315185546875,111.6,0,,,,0.0,0,,,,0.0
route,154.75,212.0,71,6.5764923095703125,4.3964080810546875,12.361328125,127.8,0,,,,0.0,0,,,,0.0
route,155.25,210.31382751464844,83,9.635604858398438,6.5670623779296875,17.959976196289062,149.4,0,,,,0.0,0,,,,0.0
route,155.75,208.32899475097656,61,6.157867431640625,4.6672515869140625,9.4581298828125,109.8,0,,,,0.0,0,,,,0.0
route,156.25,207.23463439941406,73,8.448760986328125,5.5128936767578125,10.534683227539062,131.4,0,,,,0.0,0,,,,0.0
route,156.75,206.0,76,9.09698486328125,6.06292724609375,12.218414306640625,136.8,0,,,,0.0,0,,,,0.0
route,157.25,206.0,65,18.23016357421875,12.609878540039062,24.768753051757812,117.0,0,,,,0.0,0,,,,0.0
route,157.75,205.0,68,11.735504150390625,7.6768798828125,19.729644775390625,122.4,0,,,,0.0,0,,,,0.0
route,158.25,204.5,131,9.4417724609375,6.414337158203125,14.555374145507812,235.8,0,,,,0.0,0,,,,0.0
route,158.75,204.0,78,14.18829345703125,8.1241455078125,19.617752075195312,140.4,0,,,,0.0,0,,,,0.0
route,159.25,203.5,75,8.555374145507812,3.437591552734375,13.125228881835938,135.0,0,,,,0.0,0,,,,0.0
route,159.75,202.90579223632812,122,9.217071533203125,5.087921142578125,16.50762939453125,219.6,0,,,,0.0,0,,,,0.0
route,160.25,201.99078369140625,89,5.2247772216796875,1.6983489990234375,9.1964111328125,160.2,0,,,,0.0,0,,,,0.0
route,160.75,200.98304748535156,95,14.248428344726562,10.153167724609375,22.410430908203125,171.0,0,,,,0.0,0,,,,0.0
route,161.25,199.90740966796875,124,14.330673217773438,9.112899780273438,20.333419799804688,223.2,0,,,,0.0,0,,,,0.0
route,161.75,199.0,95,7.447296142578125,4.4570465087890625,9.424789428710938,171.0,0,,,,0.0,0,,,,0.0
route,162.25,198.5,105,6.94281005859375,5.6338958740234375,13.131179809570312,189.0,0,,,,0.0,0,,,,0.0
route,162.75,198.5,89,8.678024291992188,5.581329345703125,12.895965576171875,160.2,0,,,,0.0,0,,,,0.0
route,163.25,198.42051696777344,73,6.1969757080078125,2.546356201171875,9.017562866210938,131.4,0,,,,0.0,0,,,,0.0
route,163.75,198.0,82,13.772872924804688,8.447525024414062,17.07989501953125,147.6,0,,,,0.0,0,,,,0.0
route,164.25,196.07606506347656,99,25.333892822265625,16.747756958007812,30.405319213867188,178.2,0,,,,0.0,0,,,,0.0
route,164.75,197.4424591064453,86,7.6390838623046875,3.346343994140625,14.946914672851562,154.8,0,,,,0.0,0,,,,0.0
route,165.25,197.5,101,2.5162811279296875,1.2163543701171875,7.7844085693359375,181.8,0,,,,0.0,0,,,,0.0
route,165.75,196.5,118,5.1538848876953125,1.600372314453125,8.82012939453125,212.4,0,,,,0.0,0,,,,0.0
route,166.25,194.4913330078125,129,8.699844360351562,5.2838134765625,11.377838134765625,232.2,0,,,,0.0,0,,,,0.0
route,166.75,193.85629272460938,110,8.317733764648438,3.63018798828125,17.968460083007812,198.0,0,,,,0.0,0,,,,0.0
route,167.25,193.5,108,10.245880126953125,6.350006103515625,13.806167602539062,194.4,0,,,,0.0,0,,,,0.0
route,167.75,193.0,92,3.3473052978515625,1.666412353515625,8.188186645507812,165.6,0,,,,0.0,0,,,,0.0
route,168.25,192.36695861816406,99,3.0186614990234375,1.6213836669921875,5.8523406982421875,178.2,0,,,,0.0,0,,,,0.0
route,168.75,191.0,113,5.9615631103515625,3.2094879150390625,11.32257080078125,203.4,0,,,,0.0,0,,,,0.0
route,169.25,190.0,89,3.5512542724609375,1.82611083984375,5.4327239990234375,160.2,0,,,,0.0,0,,,,0.0
route,169.75,189.5066375732422,122,6.7681884765625,3.741668701171875,8.155548095703125,219.6,0,,,,0.0,0,,,,0.0
route,170.25,189.5,117,4.243133544921875,2.943817138671875,6.06732177734375,210.6,0,,,,0.0,0,,,,0.0
route,170.75,189.0,101,2.53338623046875,0.6119232177734375,6.400604248046875,181.8,0,,,,0.0,0,,,,0.0
route,171.25,188.5,100,1.5711822509765625,0.5,4.2191619873046875,180.0,0,,,,0.0,0,,,,0.0
route,171.75,188.0,105,2.441986083984375,0.9656982421875,8.38726806640625,189.0,0,,,,0.0,0,,,,0.0
route,172.25,187.0,149,8.715301513671875,4.754791259765625,12.30914306640625,268.2,0,,,,0.0,0,,,,0.0
route,172.75,186.1110076904297,222,6.147979736328125,4.0699615478515625,7.9228363037109375,399.6,0,,,,0.0,0,,,,0.0
route,173.25,185.5,172,8.227264404296875,7.49078369140625,20.184036254882812,309.6,0,,,,0.0,0,,,,0.0
route,173.75,185.0,120,6.9666595458984375,4.652008056640625,12.283172607421875,216.0,0,,,,0.0,0,,,,0.0
route,174.25,184.5,118,5.9472808837890625,5.143829345703125,12.023895263671875,212.4,0,,,,0.0,0,,,,0.0
route,174.75,184.0,142,6.5056304931640625,5.2958526611328125,7.6336822509765625,255.6,0,,,,0.0,0,,,,0.0
route,175.25,183.5,127,5.56982421875,3.4643096923828125,7.707061767578125,228.6,0,,,,0.0,0,,,,0.0
route,175.75,183.0,108,4.1307830810546875,2.8821258544921875,6.0435943603515625,194.4,0,,,,0.0,0,,,,0.0
route,176.25,182.5,121,4.968902587890625,1.61907958984375,9.94207763671875,217.8,0,,,,0.0,0,,,,0.0
route,176.75,182.0,101,5.4277496337890625,3.02154541015625,9.583251953125,181.8,0,,,,0.0,0,,,,0.0
route,177.25,182.0,109,5.5219879150390625,4.37249755859375,7.804595947265625,196.2,0,,,,0.0,0,,,,0.0
route,177.75,182.0,174,4.5733184814453125,2.799102783203125,10.757843017578125,313.2,0,,,,0.0,0,,,,0.0
route,178.25,181.9749755859375,166,13.036453247070312,3.509796142578125,24.4931640625,298.8,0,,,,0.0,0,,,,0.0
route,178.75,181.4012451171875,139,10.33740234375,3.798431396484375,19.46893310546875,250.2,0,,,,0.0,0,,,,0.0
route,179.25,181.0,126,11.872314453125,6.152557373046875,19.810791015625,226.8,0,,,,0.0,0,,,,0.0
route,179.75,180.5,127,12.75286865234375,5.51214599609375,18.332275390625,228.6,0,,,,0.0,0,,,,0.0
route,180.25,180.0,107,1.9824981689453125,0.8755645751953125,4.382049560546875,192.6,0,,,,0.0,0,,,,0.0
route,180.75,179.5,154,7.6126251220703125,0.023590087890625,31.34356689453125,277.2,0,,,,0.0,0,,,,0.0
route,181.25,179.0,205,1.7748260498046875,0.555023193359375,4.608306884765625,369.0,0,,,,0.0,0,,,,0.0
route,181.75,178.1572723388672,519,5.279083251953125,3.344512939453125,17.456405639648438,934.2,0,,,,0.0,0,,,,0.0
upper,0.25,3723.519287109375,676,191.89697265625,156.150146484375,239.653076171875,1216.8,703,,,,1265.4,0,,,,0.0
upper,0.75,3650.642822265625,389,267.9970703125,238.204345703125,287.654296875,700.2,413,,,,743.4,0,,,,0.0
upper,1.25,3617.076416015625,404,,,,727.2,404,,,,727.2,0,,,,0.0
upper,1.75,3587.89794921875,451,,,,811.8,451,,,,811.8,0,,,,0.0
upper,2.25,3492.600830078125,426,,,,766.8,426,,,,766.8,0,,,,0.0
upper,2.75,3464.794677734375,406,172.81884765625,161.141845703125,183.597900390625,730.8,415,,,,747.0,0,,,,0.0
upper,3.25,3432.859375,426,,,,766.8,426,,,,766.8,0,,,,0.0
upper,3.75,3368.853759765625,435,,,,783.0,435,,,,783.0,0,,,,0.0
upper,4.25,3229.26318359375,420,,,,756.0,420,,,,756.0,0,,,,0.0
upper,4.75,3098.451416015625,426,,,,766.8,426,,,,766.8,0,,,,0.0
upper,5.25,3022.4970703125,430,166.03662109375,162.250244140625,171.376953125,774.0,430,166.03662109375,162.250244140625,171.376953125,774.0,0,,,,0.0
upper,5.75,2930.391357421875,425,162.332763671875,132.704345703125,184.732666015625,765.0,436,173.518310546875,132.0771484375,183.827880859375,784.8,0,,,,0.0
upper,6.25,2885.4921875,435,146.13232421875,143.50830078125,162.411865234375,783.0,436,,,,784.8,0,,,,0.0
upper,6.75,2824.661865234375,421,,,,757.8,421,,,,757.8,0,,,,0.0
upper,7.25,2785.020751953125,431,,,,775.8,431,,,,775.8,0,,,,0.0
upper,7.75,2733.05078125,380,158.368896484375,144.38671875,192.86962890625,684.0,376,154.10400390625,143.029296875,170.58642578125,676.8,0,,,,0.0
upper,8.25,2669.755859375,252,139.72802734375,117.06201171875,166.011474609375,453.6,252,139.72802734375,117.06201171875,166.011474609375,453.6,0,,,,0.0
upper,8.75,2638.58349609375,239,135.767578125,123.6943359375,146.307373046875,430.2,239,135.767578125,123.6943359375,146.307373046875,430.2,0,,,,0.0
upper,9.25,2602.412109375,290,130.783203125,106.22119140625,218.45556640625,522.0,280,130.783203125,106.22119140625,197.029541015625,504.0,0,,,,0.0
upper,9.75,2530.911865234375,246,132.2021484375,121.095947265625,144.76123046875,442.8,243,131.793212890625,121.095947265625,137.380615234375,437.4,0,,,,0.0
upper,10.25,2454.18115234375,235,182.30517578125,159.643798828125,194.531005859375,423.0,248,185.5068359375,175.7509765625,210.85888671875,446.4,0,,,,0.0
upper,10.75,2413.28369140625,290,134.344970703125,58.152587890625,174.297119140625,522.0,322,142.667724609375,106.7236328125,174.163330078125,579.6,0,,,,0.0
upper,11.25,2366.686767578125,250,164.963623046875,138.441162109375,195.3212890625,450.0,258,176.8525390625,142.560791015625,218.599853515625,464.4,0,,,,0.0
upper,11.75,2342.2685546875,219,131.747314453125,124.96435546875,148.61083984375,394.2,219,131.747314453125,124.96435546875,148.61083984375,394.2,0,,,,0.0
upper,12.25,2284.18310546875,247,163.4462890625,152.9814453125,182.325439453125,444.6,247,163.4462890625,152.9814453125,182.325439453125,444.6,0,,,,0.0
upper,12.75,2271.953125,229,130.97314453125,93.239990234375,163.6669921875,412.2,229,130.97314453125,93.239990234375,163.6669921875,412.2,0,,,,0.0
upper,13.25,2220.887939453125,240,217.261962890625,150.013671875,236.199951171875,432.0,240,217.261962890625,150.013671875,236.199951171875,432.0,0,,,,0.0
upper,13.75,2202.185546875,213,212.2978515625,159.09814453125,318.3134765625,383.4,214,212.2978515625,167.27001953125,318.3134765625,385.2,2,3.19677734375,1.598388671875,4.794921875,3.6
upper,14.25,2204.060546875,230,173.544921875,158.5107421875,199.92578125,414.0,230,173.544921875,158.5107421875,199.92578125,414.0,100,90.199951171875,28.83056640625,124.573486328125,180.0
upper,14.75,2144.62451171875,164,189.19580078125,142.3037109375,211.265869140625,295.2,164,189.19580078125,142.3037109375,211.265869140625,295.2,100,127.62255859375,29.907470703125,145.798583984375,180.0
upper,15.25,2134.44189453125,166,131.109375,93.428955078125,178.35498046875,298.8,166,131.109375,93.428955078125,178.35498046875,298.8,87,54.30419921875,18.989990234375,107.0126953125,156.6
upper,15.75,2132.52392578125,160,97.7685546875,41.7236328125,135.88525390625,288.0,160,97.7685546875,41.7236328125,135.88525390625,288.0,79,46.55517578125,21.589599609375,82.942138671875,142.2
upper,16.25,2102.899658203125,172,115.03466796875,91.0,129.372314453125,309.6,172,115.03466796875,91.0,129.372314453125,309.6,0,,,,0.0
upper,16.75,2075.56005859375,170,138.1826171875,114.958984375,175.3193359375,306.0,170,138.1826171875,114.958984375,175.3193359375,306.0,0,,,,0.0
upper,17.25,2040.429443359375,123,131.127197265625,75.960205078125,154.837158203125,221.4,123,131.127197265625,75.960205078125,154.837158203125,221.4,0,,,,0.0
upper,17.75,2018.32763671875,123,121.216552734375,102.1064453125,130.28857421875,221.4,123,121.216552734375,102.1064453125,130.28857421875,221.4,0,,,,0.0
upper,18.25,2014.128173828125,115,112.836181640625,49.83984375,149.632568359375,207.0,115,112.836181640625,49.83984375,149.632568359375,207.0,0,,,,0.0
upper,18.75,1992.6656494140625,178,127.2371826171875,102.3172607421875,177.5765380859375,320.4,178,127.2371826171875,102.3172607421875,177.5765380859375,320.4,0,,,,0.0
upper,19.25,1947.3726806640625,149,132.7557373046875,115.9061279296875,191.3026123046875,268.2,150,142.1800537109375,115.9061279296875,191.3026123046875,270.0,0,,,,0.0
upper,19.75,1908.60693359375,176,127.048095703125,103.0361328125,146.697509765625,316.8,176,127.048095703125,103.0361328125,146.697509765625,316.8,0,,,,0.0
upper,20.25,1881.076171875,130,111.6314697265625,54.4935302734375,130.5743408203125,234.0,130,111.6314697265625,54.4935302734375,130.5743408203125,234.0,0,,,,0.0
upper,20.75,1827.991455078125,137,182.3565673828125,50.334228515625,241.246337890625,246.6,137,182.3565673828125,50.334228515625,241.246337890625,246.6,0,,,,0.0
upper,21.25,1793.85107421875,222,77.74658203125,62.55712890625,109.834716796875,399.6,222,77.74658203125,62.55712890625,109.834716796875,399.6,0,,,,0.0
upper,21.75,1772.81787109375,162,78.90087890625,48.64208984375,156.7342529296875,291.6,162,78.90087890625,48.64208984375,156.7342529296875,291.6,0,,,,0.0
upper,22.25,1744.1494140625,168,115.8541259765625,38.2220458984375,126.828857421875,302.4,168,115.8541259765625,38.2220458984375,126.828857421875,302.4,0,,,,0.0
upper,22.75,1749.9273681640625,142,48.8055419921875,30.9901123046875,119.5809326171875,255.6,142,48.8055419921875,30.9901123046875,119.5809326171875,255.6,0,,,,0.0
upper,23.25,1735.236083984375,182,98.31591796875,26.59326171875,105.2291259765625,327.6,182,98.31591796875,26.59326171875,105.2291259765625,327.6,0,,,,0.0
upper,23.75,1718.9735107421875,113,102.2786865234375,17.0928955078125,159.0430908203125,203.4,113,102.2786865234375,17.0928955078125,159.0430908203125,203.4,18,10.8212890625,5.8865966796875,20.28271484375,32.4
upper,24.25,1703.6033935546875,113,27.9395751953125,10.1331787109375,86.072998046875,203.4,113,27.9395751953125,10.1331787109375,86.072998046875,203.4,21,10.303466796875,6.1351318359375,24.7607421875,37.8
upper,24.75,1686.7757568359375,174,59.0318603515625,49.2755126953125,63.1365966796875,313.2,174,59.0318603515625,49.2755126953125,63.1365966796875,313.2,6,31.107666015625,27.888671875,39.2789306640625,10.8
upper,25.25,1670.184814453125,163,75.79345703125,35.747314453125,86.538818359375,293.4,163,75.79345703125,35.747314453125,86.538818359375,293.4,6,72.218017578125,62.658447265625,81.315185546875,10.8
upper,25.75,1658.249755859375,113,74.0902099609375,28.3165283203125,101.6822509765625,203.4,113,74.0902099609375,28.3165283203125,101.6822509765625,203.4,13,95.301513671875,72.526611328125,103.1473388671875,23.4
upper,26.25,1655.682861328125,104,43.182373046875,33.7620849609375,56.5482177734375,187.2,104,43.182373046875,33.7620849609375,56.5482177734375,187.2,0,,,,0.0
upper,26.75,1619.794921875,123,67.2816162109375,42.8193359375,107.465576171875,221.4,123,67.2816162109375,42.8193359375,107.465576171875,221.4,0,,,,0.0
upper,27.25,1628.007080078125,134,53.41796875,32.50390625,97.885498046875,241.2,134,53.41796875,32.50390625,97.885498046875,241.2,0,,,,0.0
upper,27.75,1632.2623291015625,98,59.07421875,15.4317626953125,76.84619140625,176.4,98,59.07421875,15.4317626953125,76.84619140625,176.4,0,,,,0.0
upper,28.25,1603.4415283203125,76,32.4989013671875,17.034912109375,73.8013916015625,136.8,76,32.4989013671875,17.034912109375,73.8013916015625,136.8,0,,,,0.0
upper,28.75,1586.169189453125,94,54.779052734375,17.6055908203125,70.7447509765625,169.2,94,54.779052734375,17.6055908203125,70.7447509765625,169.2,4,2.1229248046875,1.0440673828125,12.54248046875,7.2
upper,29.25,1573.9356689453125,85,51.40478515625,38.9483642578125,64.6322021484375,153.0,85,51.40478515625,38.9483642578125,64.6322021484375,153.0,53,28.3333740234375,9.3170166015625,53.403564453125,95.4
upper,29.75,1559.52685546875,95,48.463134765625,30.262939453125,105.4227294921875,171.0,95,48.463134765625,30.262939453125,105.4227294921875,171.0,55,31.5438232421875,16.66748046875,47.681396484375,99.0
upper,30.25,1547.82568359375,96,43.5673828125,23.2208251953125,53.56201171875,172.8,96,43.5673828125,23.2208251953125,53.56201171875,172.8,69,32.590576171875,9.5904541015625,56.2789306640625,124.2
upper,30.75,1536.77490234375,101,52.908447265625,34.0640869140625,69.3973388671875,181.8,102,52.908447265625,34.0640869140625,69.3973388671875,183.6,6,12.5697021484375,8.829345703125,16.4854736328125,10.8
upper,31.25,1526.023681640625,100,82.446044921875,30.443359375,95.59912109375,180.0,98,64.3455810546875,30.443359375,93.15576171875,176.4,6,80.5162353515625,74.8760986328125,85.515869140625,10.8
upper,31.75,1510.6007080078125,101,65.3187255859375,23.7962646484375,90.296142578125,181.8,100,65.3187255859375,23.7962646484375,88.5931396484375,180.0,0,,,,0.0
upper,32.25,1495.3480224609375,95,38.6494140625,23.0009765625,95.397705078125,171.0,93,38.6494140625,23.0009765625,92.0550537109375,167.4,3,12.5478515625,7.7923583984375,20.08203125,5.4
upper,32.75,1485.517822265625,96,39.0771484375,22.056884765625,67.6309814453125,172.8,95,42.741943359375,28.923095703125,58.122314453125,171.0,50,21.637939453125,8.8702392578125,50.3262939453125,90.0
upper,33.25,1476.847412109375,107,70.5928955078125,26.874267578125,83.6439208984375,192.6,105,66.2958984375,26.41455078125,78.210205078125,189.0,34,48.265380859375,15.181884765625,63.83740234375,61.2
upper,33.75,1467.733642578125,98,55.095458984375,19.939208984375,92.3074951171875,176.4,100,72.0943603515625,21.1820068359375,92.91357421875,180.0,33,12.02099609375,5.0474853515625,30.4677734375,59.4
upper,34.25,1459.065673828125,168,56.634765625,42.330078125,75.2509765625,302.4,170,57.0513916015625,42.330078125,75.2509765625,306.0,78,38.0810546875,10.1376953125,54.916259765625,140.4
upper,34.75,1455.0135498046875,104,56.363525390625,18.7916259765625,77.106201171875,187.2,105,56.363525390625,18.7916259765625,77.106201171875,189.0,18,43.614990234375,23.3089599609375,59.9935302734375,32.4
upper,35.25,1427.607177734375,90,30.88671875,11.074951171875,87.1904296875,162.0,91,30.88671875,12.490478515625,87.1904296875,163.8,0,,,,0.0
upper,35.75,1438.9041748046875,94,39.5614013671875,13.0401611328125,62.9415283203125,169.2,94,39.5614013671875,13.0401611328125,62.581298828125,169.2,0,,,,0.0
upper,36.25,1418.9971923828125,205,67.414306640625,51.7603759765625,91.8111572265625,369.0,206,70.1851806640625,53.3863525390625,90.3475341796875,370.8,0,,,,0.0
upper,36.75,1410.4066162109375,158,61.3712158203125,52.928466796875,69.4022216796875,284.4,158,62.10205078125,51.7576904296875,68.0411376953125,284.4,41,26.4285888671875,17.7073974609375,42.8426513671875,73.8
upper,37.25,1401.8333740234375,130,99.5291748046875,64.4241943359375,209.1656494140625,234.0,130,99.5291748046875,64.4241943359375,209.1656494140625,234.0,48,27.6378173828125,14.6083984375,47.5010986328125,86.4
upper,37.75,1387.849609375,96,51.0928955078125,22.171630859375,81.30029296875,172.8,98,51.0928955078125,29.240234375,81.30029296875,176.4,50,27.02197265625,11.4324951171875,49.696044921875,90.0
upper,38.25,1380.0960693359375,91,46.1280517578125,25.8028564453125,66.6363525390625,163.8,88,42.298828125,25.8028564453125,65.1026611328125,158.4,60,27.751708984375,9.38818359375,42.4686279296875,108.0
upper,38.75,1364.4891357421875,98,67.541259765625,21.3760986328125,86.429931640625,176.4,96,64.6719970703125,21.3760986328125,86.429931640625,172.8,23,21.0491943359375,12.8040771484375,33.4444580078125,41.4
upper,39.25,1358.6890869140625,90,35.9659423828125,19.6007080078125,63.4814453125,162.0,89,46.2371826171875,22.1966552734375,58.547607421875,160.2,0,,,,0.0
upper,39.75,1345.68310546875,115,52.656494140625,30.173095703125,72.163330078125,207.0,115,54.498046875,32.332763671875,74.776123046875,207.0,0,,,,0.0
upper,40.25,1335.5830078125,102,56.27880859375,42.077880859375,106.1368408203125,183.6,103,56.27880859375,42.077880859375,106.1368408203125,185.4,0,,,,0.0
upper,40.75,1328.418212890625,125,67.909423828125,38.956298828125,113.20947265625,225.0,127,66.2376708984375,36.4765625,105.0419921875,228.6,0,,,,0.0
upper,41.25,1325.6485595703125,98,75.330810546875,7.8790283203125,86.7125244140625,176.4,98,75.330810546875,7.8790283203125,86.7125244140625,176.4,0,,,,0.0
upper,41.75,1320.7437744140625,78,54.9913330078125,7.507568359375,104.427978515625,140.4,77,54.9913330078125,7.507568359375,104.427978515625,138.6,0,,,,0.0
upper,42.25,1300.36083984375,117,37.0419921875,21.8551025390625,182.79541015625,210.6,117,37.0419921875,21.8551025390625,182.79541015625,210.6,0,,,,0.0
upper,42.75,1262.199951171875,79,51.8128662109375,37.76708984375,127.703125,142.2,80,52.25732421875,38.5496826171875,122.6181640625,144.0,0,,,,0.0
upper,43.25,1245.620361328125,78,41.08447265625,11.8607177734375,75.1627197265625,140.4,78,41.08447265625,11.8607177734375,75.1627197265625,140.4,0,,,,0.0
upper,43.75,1243.4945068359375,82,24.0159912109375,8.5323486328125,64.955322265625,147.6,81,25.9896240234375,8.7152099609375,61.3358154296875,145.8,0,,,,0.0
upper,44.25,1244.012939453125,82,44.59912109375,23.2694091796875,84.7152099609375,147.6,82,44.59912109375,23.2694091796875,84.7152099609375,147.6,0,,,,0.0
upper,44.75,1232.4066162109375,85,32.603515625,23.3673095703125,57.9818115234375,153.0,84,31.205322265625,23.303955078125,55.944580078125,151.2,0,,,,0.0
upper,45.25,1212.9317626953125,113,49.57421875,37.3250732421875,75.238037109375,203.4,116,65.2418212890625,45.479736328125,77.082275390625,208.8,0,,,,0.0
upper,45.75,1200.6358642578125,140,76.6949462890625,59.347412109375,81.8255615234375,252.0,139,77.4681396484375,60.004150390625,81.3343505859375,250.2,0,,,,0.0
upper,46.25,1186.243408203125,115,59.7550048828125,34.3258056640625,75.4150390625,207.0,113,57.916748046875,34.3258056640625,72.93115234375,203.4,0,,,,0.0
upper,46.75,1193.8485107421875,86,28.6646728515625,18.0960693359375,54.1297607421875,154.8,85,36.4710693359375,18.3963623046875,54.1397705078125,153.0,0,,,,0.0
upper,47.25,1156.399169921875,107,81.429443359375,36.0330810546875,117.2978515625,192.6,107,81.429443359375,36.0330810546875,117.2978515625,192.6,0,,,,0.0
upper,47.75,1151.1519775390625,76,46.6854248046875,29.773193359375,81.65673828125,136.8,76,46.6854248046875,29.773193359375,81.65673828125,136.8,0,,,,0.0
upper,48.25,1112.617919921875,80,60.7236328125,41.368896484375,96.725830078125,144.0,80,60.7236328125,41.368896484375,96.725830078125,144.0,0,,,,0.0
upper,48.75,1093.636962890625,84,52.3409423828125,43.04638671875,65.244384765625,151.2,84,52.3409423828125,43.04638671875,65.244384765625,151.2,0,,,,0.0
upper,49.25,1091.119384765625,85,44.2921142578125,23.50146484375,54.385498046875,153.0,85,44.2921142578125,23.50146484375,54.385498046875,153.0,0,,,,0.0
upper,49.75,1071.752685546875,89,36.184814453125,25.5159912109375,53.03515625,160.2,88,34.16796875,23.643798828125,53.03515625,158.4,0,,,,0.0
upper,50.25,1055.79052734375,80,29.408935546875,15.165771484375,35.570556640625,144.0,80,29.408935546875,15.165771484375,35.570556640625,144.0,0,,,,0.0
upper,50.75,1046.3651123046875,99,45.1553955078125,35.8736572265625,54.7281494140625,178.2,99,45.1553955078125,35.8736572265625,54.7281494140625,178.2,0,,,,0.0
upper,51.25,1037.7872314453125,97,28.2410888671875,21.477783203125,41.3575439453125,174.6,97,28.2410888671875,21.477783203125,41.3575439453125,174.6,0,,,,0.0
upper,51.75,1010.015625,88,55.1605224609375,47.808837890625,67.3006591796875,158.4,86,52.793212890625,47.798583984375,68.0904541015625,154.8,0,,,,0.0
upper,52.25,1002.9637451171875,156,46.6575927734375,40.867919921875,63.24658203125,280.8,156,46.2864990234375,38.780029296875,62.908447265625,280.8,0,,,,0.0
upper,52.75,998.0929565429688,111,35.59344482421875,26.36907958984375,44.86236572265625,199.8,111,35.59344482421875,26.36907958984375,44.86236572265625,199.8,0,,,,0.0
upper,53.25,968.1143188476562,102,45.9129638671875,33.23651123046875,55.58563232421875,183.6,102,45.9129638671875,33.23651123046875,55.58563232421875,183.6,0,,,,0.0
upper,53.75,951.7572021484375,97,49.33538818359375,36.61187744140625,63.79736328125,174.6,96,49.33538818359375,36.61187744140625,63.79736328125,172.8,0,,,,0.0
upper,54.25,921.4349365234375,119,70.80303955078125,17.3751220703125,106.184814453125,214.2,118,70.80303955078125,17.3751220703125,105.4542236328125,212.4,0,,,,0.0
upper,54.75,903.6265869140625,139,33.1966552734375,27.4520263671875,47.4718017578125,250.2,139,33.1966552734375,27.4520263671875,47.4718017578125,250.2,0,,,,0.0
upper,55.25,886.702392578125,115,45.1907958984375,29.134033203125,68.6260986328125,207.0,115,45.1907958984375,29.134033203125,68.6260986328125,207.0,0,,,,0.0
upper,55.75,850.9374389648438,95,48.40167236328125,14.82159423828125,64.5716552734375,171.0,95,48.40167236328125,14.82159423828125,64.5716552734375,171.0,0,,,,0.0
upper,56.25,828.1574096679688,84,34.1744384765625,24.69195556640625,86.0150146484375,151.2,84,34.1744384765625,24.69195556640625,86.0150146484375,151.2,0,,,,0.0
upper,56.75,832.0404052734375,77,30.234619140625,6.1107177734375,50.81072998046875,138.6,77,30.234619140625,6.1107177734375,50.81072998046875,138.6,0,,,,0.0
upper,57.25,828.1126708984375,104,35.8758544921875,10.57159423828125,46.60247802734375,187.2,104,35.8758544921875,10.57159423828125,46.60247802734375,187.2,0,,,,0.0
upper,57.75,810.3380737304688,106,20.169677734375,11.6219482421875,42.24017333984375,190.8,106,20.169677734375,11.6219482421875,42.24017333984375,190.8,0,,,,0.0
upper,58.25,801.6096801757812,75,17.39117431640625,14.52825927734375,24.92706298828125,135.0,75,17.39117431640625,14.52825927734375,24.92706298828125,135.0,0,,,,0.0
upper,58.75,788.7538452148438,83,31.04071044921875,15.59552001953125,51.6405029296875,149.4,82,35.554443359375,16.01263427734375,48.66925048828125,147.6,0,,,,0.0
upper,59.25,772.6570434570312,88,24.8497314453125,17.52532958984375,31.71533203125,158.4,88,24.8497314453125,17.52532958984375,31.71533203125,158.4,0,,,,0.0
upper,59.75,759.37158203125,131,37.16552734375,26.70684814453125,46.4268798828125,235.8,131,37.16552734375,26.70684814453125,46.4268798828125,235.8,0,,,,0.0
upper,60.25,753.6280517578125,135,34.63958740234375,28.185791015625,41.2008056640625,243.0,135,34.63958740234375,28.185791015625,41.2008056640625,243.0,0,,,,0.0
upper,60.75,737.836181640625,158,49.2314453125,26.15985107421875,80.054931640625,284.4,158,49.2314453125,26.15985107421875,80.054931640625,284.4,0,,,,0.0
upper,61.25,724.7821655273438,146,40.13824462890625,30.8302001953125,56.42547607421875,262.8,146,40.13824462890625,30.8302001953125,56.42547607421875,262.8,0,,,,0.0
upper,61.75,715.75927734375,147,38.2342529296875,30.7919921875,53.24432373046875,264.6,147,38.2342529296875,30.7919921875,53.24432373046875,264.6,0,,,,0.0
upper,62.25,703.7086181640625,218,65.832763671875,49.1475830078125,89.81512451171875,392.4,218,65.832763671875,49.1475830078125,89.81512451171875,392.4,0,,,,0.0
upper,62.75,689.7150268554688,123,31.40191650390625,27.21148681640625,57.78375244140625,221.4,123,31.40191650390625,27.21148681640625,57.78375244140625,221.4,0,,,,0.0
upper,63.25,677.863525390625,172,24.96807861328125,10.55340576171875,29.14373779296875,309.6,172,24.96807861328125,10.55340576171875,29.14373779296875,309.6,0,,,,0.0
upper,63.75,668.2781372070312,162,35.12127685546875,13.66021728515625,59.51983642578125,291.6,162,35.12127685546875,13.66021728515625,59.51983642578125,291.6,0,,,,0.0
upper,64.25,661.3417358398438,157,25.5745849609375,16.09100341796875,35.2322998046875,282.6,157,25.5745849609375,16.09100341796875,35.2322998046875,282.6,0,,,,0.0
upper,64.75,646.7024536132812,177,41.52838134765625,32.77545166015625,42.5968017578125,318.6,176,40.9588623046875,32.77545166015625,42.52117919921875,316.8,0,,,,0.0
upper,65.25,637.523193359375,151,43.62713623046875,33.4512939453125,52.62152099609375,271.8,151,43.62713623046875,33.4512939453125,52.62152099609375,271.8,0,,,,0.0
upper,65.75,630.1351928710938,149,35.00567626953125,29.4991455078125,44.203369140625,268.2,149,35.00567626953125,29.4991455078125,44.203369140625,268.2,0,,,,0.0
upper,66.25,621.9656372070312,179,34.84869384765625,28.18548583984375,37.61993408203125,322.2,179,34.84869384765625,28.18548583984375,37.61993408203125,322.2,0,,,,0.0
upper,66.75,614.6118774414062,240,36.79791259765625,23.24932861328125,52.45806884765625,432.0,240,36.79791259765625,23.24932861328125,52.45806884765625,432.0,0,,,,0.0
upper,67.25,607.2447509765625,144,32.03875732421875,25.91546630859375,40.6646728515625,259.2,144,32.03875732421875,25.91546630859375,40.6646728515625,259.2,0,,,,0.0
upper,67.75,603.3099365234375,174,21.82281494140625,17.27850341796875,30.82342529296875,313.2,174,21.82281494140625,17.27850341796875,30.82342529296875,313.2,0,,,,0.0
upper,68.25,595.9161987304688,315,40.26849365234375,29.5413818359375,45.468017578125,567.0,315,40.26849365234375,29.5413818359375,45.468017578125,567.0,0,,,,0.0
upper,68.75,589.6756591796875,164,32.24005126953125,27.5615234375,45.2738037109375,295.2,162,29.81695556640625,26.4620361328125,45.04791259765625,291.6,0,,,,0.0
upper,69.25,584.379150390625,224,29.32733154296875,23.056640625,34.0750732421875,403.2,224,29.32733154296875,23.056640625,34.0750732421875,403.2,0,,,,0.0
upper,69.75,577.3988647460938,204,27.53179931640625,25.62744140625,28.74188232421875,367.2,203,27.03265380859375,25.15069580078125,28.87298583984375,365.4,0,,,,0.0
upper,70.25,570.3469848632812,165,30.4649658203125,24.18988037109375,32.980224609375,297.0,164,30.28924560546875,24.18988037109375,32.64166259765625,295.2,0,,,,0.0
upper,70.75,567.2154541015625,170,33.75048828125,21.980712890625,47.97802734375,306.0,170,33.75048828125,21.980712890625,47.97802734375,306.0,0,,,,0.0
upper,71.25,559.2513427734375,164,29.16357421875,24.61834716796875,39.3870849609375,295.2,163,29.16357421875,24.61834716796875,39.3870849609375,293.4,0,,,,0.0
upper,71.75,556.7277221679688,148,27.7012939453125,24.09246826171875,32.10302734375,266.4,148,27.7012939453125,24.09246826171875,32.10302734375,266.4,0,,,,0.0
upper,72.25,554.2554931640625,135,23.188232421875,16.2926025390625,24.29364013671875,243.0,135,23.188232421875,16.2926025390625,24.29364013671875,243.0,0,,,,0.0
upper,72.75,548.687744140625,162,23.92138671875,17.730712890625,25.80450439453125,291.6,162,23.92138671875,17.730712890625,25.80450439453125,291.6,0,,,,0.0
upper,73.25,544.2278442382812,96,17.46820068359375,13.5670166015625,21.01434326171875,172.8,96,17.46820068359375,13.5670166015625,21.01434326171875,172.8,0,,,,0.0
upper,73.75,540.4727172851562,166,13.466796875,9.85516357421875,14.80816650390625,298.8,166,13.466796875,9.85516357421875,14.80816650390625,298.8,0,,,,0.0
upper,74.25,528.8199462890625,223,25.3468017578125,23.7005615234375,30.2001953125,401.4,223,25.3468017578125,23.7005615234375,30.2001953125,401.4,0,,,,0.0
upper,74.75,522.6788330078125,153,27.3961181640625,16.765625,30.096923828125,275.4,153,27.3961181640625,16.765625,30.096923828125,275.4,0,,,,0.0
upper,75.25,518.0076904296875,160,29.56268310546875,25.14111328125,42.46429443359375,288.0,160,29.56268310546875,25.14111328125,42.46429443359375,288.0,0,,,,0.0
upper,75.75,516.1648559570312,176,44.7979736328125,33.37652587890625,49.96337890625,316.8,176,44.7979736328125,33.37652587890625,49.96337890625,316.8,0,,,,0.0
upper,76.25,512.2902221679688,145,36.15435791015625,13.57330322265625,46.158203125,261.0,145,36.15435791015625,13.57330322265625,46.158203125,261.0,0,,,,0.0
upper,76.75,508.9546203613281,214,23.005340576171875,20.404632568359375,44.924163818359375,385.2,213,22.411712646484375,20.273101806640625,44.924163818359375,383.4,0,,,,0.0
upper,77.25,504.59564208984375,203,32.28692626953125,26.6781005859375,40.03509521484375,365.4,203,32.28692626953125,26.6781005859375,40.03509521484375,365.4,0,,,,0.0
upper,77.75,501.3262023925781,110,25.489471435546875,22.023468017578125,32.731536865234375,198.0,110,25.489471435546875,22.023468017578125,32.731536865234375,198.0,0,,,,0.0
upper,78.25,497.652587890625,178,26.541259765625,23.0496826171875,33.82867431640625,320.4,178,26.541259765625,23.0496826171875,33.82867431640625,320.4,0,,,,0.0
upper,78.75,492.987060546875,200,26.97015380859375,24.6824951171875,34.76898193359375,360.0,200,26.97015380859375,24.6824951171875,34.76898193359375,360.0,0,,,,0.0
upper,79.25,492.0613708496094,131,24.320465087890625,20.840972900390625,29.811065673828125,235.8,131,24.320465087890625,20.840972900390625,29.811065673828125,235.8,0,,,,0.0
upper,79.75,487.9946594238281,161,23.823150634765625,19.445953369140625,27.648284912109375,289.8,161,23.823150634765625,19.445953369140625,27.648284912109375,289.8,0,,,,0.0
upper,80.25,484.7557678222656,184,27.824493408203125,21.307952880859375,32.206329345703125,331.2,184,27.824493408203125,21.307952880859375,32.206329345703125,331.2,0,,,,0.0
upper,80.75,479.3915100097656,129,22.3499755859375,19.465240478515625,29.491973876953125,232.2,128,22.3499755859375,18.625091552734375,29.491973876953125,230.4,0,,,,0.0
upper,81.25,477.37384033203125,151,21.06866455078125,19.51556396484375,22.532989501953125,271.8,151,21.06866455078125,19.51556396484375,22.532989501953125,271.8,0,,,,0.0
upper,81.75,475.04144287109375,169,21.182403564453125,16.55126953125,24.44158935546875,304.2,169,21.182403564453125,16.55126953125,24.44158935546875,304.2,0,,,,0.0
upper,82.25,473.6246337890625,168,21.7193603515625,19.445770263671875,25.16717529296875,302.4,168,21.7193603515625,19.445770263671875,25.16717529296875,302.4,0,,,,0.0
upper,82.75,469.9172668457031,185,20.489837646484375,17.526031494140625,30.730438232421875,333.0,181,22.135772705078125,17.0223388671875,31.273773193359375,325.8,0,,,,0.0
upper,83.25,466.98876953125,195,17.840545654296875,16.34271240234375,20.10223388671875,351.0,195,17.840545654296875,16.34271240234375,20.10223388671875,351.0,0,,,,0.0
upper,83.75,464.20404052734375,200,18.86273193359375,16.3983154296875,20.92462158203125,360.0,201,18.86273193359375,16.3983154296875,21.17816162109375,361.8,0,,,,0.0
upper,84.25,461.6373596191406,129,16.711090087890625,14.167724609375,18.23468017578125,232.2,129,16.711090087890625,14.167724609375,18.23468017578125,232.2,0,,,,0.0
upper,84.75,459.5021667480469,176,19.183197021484375,15.095550537109375,23.830535888671875,316.8,175,19.183197021484375,15.095550537109375,23.551055908203125,315.0,0,,,,0.0
upper,85.25,458.0,209,15.587554931640625,10.313934326171875,18.96014404296875,376.2,206,15.16156005859375,10.49224853515625,18.954010009765625,370.8,0,,,,0.0
upper,85.75,455.5,106,13.84576416015625,9.86346435546875,15.680145263671875,190.8,106,13.84576416015625,9.86346435546875,15.680145263671875,190.8,0,,,,0.0
upper,86.25,453.0041809082031,123,15.75640869140625,11.57464599609375,17.771575927734375,221.4,123,15.75640869140625,11.57464599609375,17.771575927734375,221.4,0,,,,0.0
upper,86.75,450.5465087890625,157,18.1251220703125,16.584686279296875,19.977081298828125,282.6,157,18.1251220703125,16.584686279296875,19.977081298828125,282.6,0,,,,0.0
upper,87.25,449.0,247,17.413909912109375,15.37469482421875,18.7718505859375,444.6,247,17.413909912109375,15.37469482421875,18.7718505859375,444.6,0,,,,0.0
upper,87.75,447.5,183,17.8818359375,15.602630615234375,19.524993896484375,329.4,183,17.9554443359375,15.6549072265625,20.50421142578125,329.4,0,,,,0.0
upper,88.25,446.0,157,16.277374267578125,11.21319580078125,25.30279541015625,282.6,157,16.277374267578125,11.21319580078125,25.30279541015625,282.6,0,,,,0.0
upper,88.75,444.00592041015625,147,17.04656982421875,15.0845947265625,24.16217041015625,264.6,148,17.0023193359375,15.21697998046875,24.148681640625,266.4,0,,,,0.0
upper,89.25,442.00250244140625,159,15.307464599609375,8.3897705078125,17.8289794921875,286.2,159,15.307464599609375,8.3897705078125,17.8289794921875,286.2,0,,,,0.0
upper,89.75,440.30706787109375,223,15.088134765625,13.3778076171875,20.584686279296875,401.4,223,15.088134765625,13.3778076171875,20.584686279296875,401.4,0,,,,0.0
upper,90.25,438.5,398,14.80487060546875,14.097991943359375,15.86529541015625,716.4,398,14.80487060546875,14.097991943359375,15.86529541015625,716.4,0,,,,0.0
upper,90.75,436.1112060546875,249,12.89459228515625,11.029815673828125,16.364990234375,448.2,249,12.89459228515625,11.029815673828125,16.364990234375,448.2,0,,,,0.0
upper,91.25,434.0,160,11.39581298828125,8.473663330078125,16.21893310546875,288.0,158,11.39581298828125,8.473663330078125,16.069580078125,284.4,0,,,,0.0
upper,91.75,432.39508056640625,199,12.597625732421875,8.467437744140625,17.628448486328125,358.2,194,11.797882080078125,7.44427490234375,15.148773193359375,349.2,0,,,,0.0
upper,92.25,430.6349792480469,186,11.004791259765625,7.522125244140625,15.64239501953125,334.8,183,11.004791259765625,7.42156982421875,14.95751953125,329.4,0,,,,0.0
upper,92.75,429.1276550292969,265,15.852203369140625,13.74664306640625,18.2755126953125,477.0,262,15.380035400390625,13.6434326171875,17.698272705078125,471.6,0,,,,0.0
upper,93.25,426.79644775390625,247,17.00244140625,13.671905517578125,21.2132568359375,444.6,250,17.66204833984375,14.803466796875,22.189849853515625,450.0,0,,,,0.0
upper,93.75,425.0801086425781,188,16.399200439453125,12.895538330078125,21.836578369140625,338.4,178,13.99078369140625,11.5694580078125,19.01708984375,320.4,0,,,,0.0
upper,94.25,423.0,133,12.8895263671875,9.9755859375,18.05841064453125,239.4,132,12.42950439453125,9.526031494140625,17.8155517578125,237.6,0,,,,0.0
upper,94.75,421.0585632324219,160,11.786834716796875,8.428192138671875,15.998382568359375,288.0,159,11.33843994140625,7.276031494140625,15.998382568359375,286.2,0,,,,0.0
upper,95.25,419.6717529296875,132,9.281036376953125,6.065460205078125,12.1572265625,237.6,126,8.49639892578125,5.569183349609375,10.70941162109375,226.8,0,,,,0.0
upper,95.75,417.4788818359375,141,11.3338623046875,8.103302001953125,14.633819580078125,253.8,138,11.196533203125,8.273590087890625,13.7896728515625,248.4,0,,,,0.0
upper,96.25,414.66156005859375,159,17.668304443359375,15.2947998046875,21.6597900390625,286.2,163,18.73052978515625,15.600341796875,26.948760986328125,293.4,0,,,,0.0
upper,96.75,412.5216064453125,171,20.680145263671875,17.573089599609375,24.60052490234375,307.8,171,20.680145263671875,17.573089599609375,24.60052490234375,307.8,0,,,,0.0
upper,97.25,412.0,192,16.258331298828125,12.2152099609375,19.545654296875,345.6,190,16.242950439453125,11.8006591796875,19.3270263671875,342.0,0,,,,0.0
upper,97.75,411.0538330078125,136,12.4581298828125,10.234588623046875,19.95428466796875,244.8,133,11.32867431640625,9.2996826171875,19.56329345703125,239.4,0,,,,0.0
upper,98.25,410.57269287109375,182,9.82318115234375,7.280792236328125,11.29693603515625,327.6,181,8.980010986328125,6.965484619140625,10.868804931640625,325.8,0,,,,0.0
upper,98.75,410.0,170,13.2000732421875,9.27447509765625,16.17144775390625,306.0,169,13.2000732421875,8.635009765625,15.8048095703125,304.2,0,,,,0.0
upper,99.25,409.5,105,6.513427734375,4.44580078125,9.749755859375,189.0,100,5.2283935546875,3.311492919921875,9.54931640625,180.0,0,,,,0.0
upper,99.75,408.5,116,7.604736328125,2.231597900390625,17.285430908203125,208.8,59,7.739837646484375,3.796478271484375,17.2999267578125,106.2,0,,,,0.0
